distancia_px,clahe_superior,clahe_inferior,crudo_superior,crudo_inferior
1,0.2646614001266338,0.2626319241149347,0.2818318418639902,0.4573487787136214
2,0.0762036463625244,0.12482868502529888,0.15177211907885566,0.2092601311458944
3,0.005063216227812645,0.07640125081306022,0.08830685490853377,0.12759115017670697
4,0.025487845368545484,0.04506703099037495,0.04679622597297613,0.08719916178561149
5,0.046056440823560675,0.015190638184762704,0.04794084810782338,0.06112442813189364
6,0.028525452389435102,0.0180949316661772,0.029011496440946503,0.04608302533946396
7,0.018807683087143905,0.01655740030091371,0.008388016608248651,0.03405704775393253
8,0.0240891440324435,0.005498621296210541,0.002153688373310369,0.02210364963836403
9,0.02130773971691848,0.004439296620096298,-0.013855382895379808,0.014631616544793183
10,0.010209568185231992,0.005802513033268896,-0.009716609903935046,0.011011878877243792
11,0.004305706955615791,0.00913833700860851,-0.010980343093361978,0.012793922784544226
12,-0.0015098731344282944,-0.0016735361280249643,-0.01242858514821516,0.011409736664524227
13,-0.005073024140567016,-0.001804763419044119,-0.015383676963231197,0.004245407657479359
14,-0.005273160224962286,0.010349504634032046,-0.014942946927752013,0.00018981564220318508
15,-0.0057898008819106525,-0.0072608437561793625,-0.018451732165428295,0.002285095939152619
16,-0.009102207734518974,0.013804993986578334,-0.01677655565875478,0.00618812746581662
17,-0.008139199532762403,0.004405497066234566,-0.01693260254622636,0.004030444265290468
18,-0.011762361135767143,0.00286663952110867,-0.0207139773519179,-0.0021162066546790274
19,-0.011159221923232756,0.005282960300204628,-0.02124908829909392,-0.006306919168723742
20,-0.013805534319797431,-0.006855490266514109,-0.0180905309402837,-0.0035960159032446246
21,-0.011002641721933328,-0.007576666648341445,-0.01894474351629422,-0.0016294696891839414
22,-0.011903164049337625,-0.008900381580086375,-0.017872506999025532,-0.002835183534109646
23,-0.015644436159574716,-0.01114177526304418,-0.012940726762595807,-0.0034853373963298338
24,-0.023144051189908896,-0.014447116395265174,-0.010696729466889697,-0.0027316516847025025
25,-0.02212588381722611,-0.01348346816873568,-0.03183729115592098,0.00010041246855772154
26,-0.021336301369084477,-0.011899250745719554,-0.011752962233213374,-0.006575191633808943
27,-0.017083812141161073,-0.012819164329073736,-0.014992277984013279,-0.007476056972676755
28,0.003247014708809164,-0.01083666638639187,-0.015478298294869493,-0.002804262451659715
29,-0.02088222289123552,-0.010104037055343476,-0.014693287132126863,-0.0013612036018538648
30,-0.010780190460166076,-0.009736727808935353,-0.015532572429190036,-0.0016577617942154803
31,0.02377740030661828,-0.007585801613747487,-0.014040859713764588,-0.004855857813908537
32,-0.018679506934194467,-0.012976695473920257,-0.013734560466655258,-0.009390152141525016
33,-0.041699481895074934,-0.017569114578016545,-0.013950075780473728,-0.015415046273025874
34,-0.02041196881464347,-0.02023637938319907,-0.016011116790550256,-0.01811637206753749
35,0.00682806354462339,-0.014588529173436053,-0.018299113625900403,-0.016580711690408746
36,0.04786851911948723,-0.014008351424154429,-0.019904451508853456,-0.016143019434497852
37,-0.01484021096858008,-0.01426139183138001,-0.020416304771482506,-0.01459504638408613
38,-0.024337381391283646,-0.014777414009977344,-0.017417681727801795,-0.012441877956070815
39,-0.027779947292526554,-0.01783920684403836,-0.01605138801275157,-0.01172783464252064
40,-0.002332554950353619,-0.02273987345046039,-0.012757485492438207,-0.010269129433115918
41,-0.0022713047198444766,-0.020354368583731373,-0.010398435947727455,-0.014656902080136237
42,-0.006569035331121842,-0.01983167359822751,-0.017357711123944772,-0.013450937830821826
43,-0.008762486529126555,-0.005134717402217398,-0.008439512175233893,-0.012720791325180671
44,-0.01489891016404038,-0.005091882199733194,-0.012016456617077667,-0.009684364842035234
45,-0.015967038858863296,-0.007135214020726182,-0.01188382040609693,-0.006153684568726501
46,-0.013860471106797563,-0.003739334863324279,-0.008117686213191968,-0.007559647635869534
47,-0.01345044835610307,-0.006726725382385098,-0.010074999451681875,-0.01438083167863217
48,-0.009593330652845468,-0.007395870508428668,-0.012282164522274484,-0.021264895459158963
49,-0.002163926986133047,-0.008395393919184363,-0.010322472196953661,-0.029135166208822155
50,-0.006542971852469234,-0.007154281712490358,-0.01120626760797576,-0.03503825940364088
51,-0.00825039617785761,-0.006324315517632614,-0.011267730077708657,-0.02842283398544997
52,-0.0116393203681902,-0.011502593245122754,-0.01234462896056357,-0.02412555462908638
53,-0.014488640261536036,-0.012924513849112413,-0.010682945116777157,-0.03524265626499211
54,-0.014419625357719339,-0.014362191814296836,-0.014697567619434177,-0.033831032070175626
55,-0.010665740100098116,-0.026392821465918877,-0.01238364435157523,-0.027233418154563406
56,-0.013402717668878,-0.02753024903215385,-0.011925223687813024,-0.03075181560955025
57,-0.015648698774732583,-0.0171725660966169,-0.00871987303688976,-0.03352914605143176
58,-0.013081206133077257,-0.031027597705729732,-0.011685799855107796,-0.035432878404360726
59,-0.010813443624474142,-0.021160649269303968,-0.01114694829278395,-0.03722645374637762
60,-0.01015084264694319,-0.01651152361355246,-0.012414501976198119,-0.042217339344999626
61,-0.01024573586705356,-0.020956429128772904,-0.013086844128046364,-0.04444461152422882
62,-0.010693332937693058,0.01135356597263648,-0.014335847801999172,-0.044772247249146926
63,-0.011597726980911003,-0.01744446428980413,-0.014709647795414596,-0.04050438226825597
64,-0.011652474459926957,-0.014496428742823914,-0.013121440025842035,-0.023064299413062
65,-0.011243631449885827,-0.022047654564718154,-0.01535225417100705,-0.04387186578471779
66,-0.01140087502830568,-0.020508917916704512,-0.012931831495174033,-0.05429707805529922
67,-0.007054037342229935,-0.020186195104033983,-0.007060228600604362,-0.04700930326732291
68,-0.007379789874546345,-0.01614613806542692,-0.012178353634757607,-0.04541762310934513
69,-0.009241663799750867,-0.01291656699227391,-0.008204653460437448,-0.039099207695809615
70,-0.008524598137344089,-0.01526202832196958,-0.007387648153703452,-0.04618127381033464
71,-0.009098119282084708,-0.012711754568190127,-0.005425671074618078,-0.023259866570942846
72,-0.009000527309525868,-0.00657496259031719,-0.005499829137376608,-0.024945628886808558
73,-0.008302974731979286,-0.0055263549324582086,-0.006544632373629574,-0.023188942812445774
74,-0.009005757500962396,-0.021251845864116208,-0.007190711659257004,-0.023306269483878036
75,-0.009392108770070445,-0.023771314483573235,-0.007959422235725521,-0.01989103749498596
76,-0.007278514429971039,-0.004022289024645549,-0.00794809841688659,-0.025850046829602947
77,-0.007677227830194321,-0.06276291451122824,-0.008761726452606469,-0.02602299737907806
78,-0.008428692823284938,-0.009011990707958755,-0.01038063230905074,-0.02510281012382739
79,-0.012902495074861839,-0.024348463360879497,-0.010942653343947702,-0.029361852674086825
80,-0.02432575742532015,-0.008772227974350021,-0.009823636754475482,-0.03030719020901712
81,-0.014379190507459819,-0.018771991972733618,-0.009745415899723851,-0.02471304257399614
82,-0.009071242126246996,-0.013769557616921658,-0.0107735603000942,-0.017269352510240966
83,-0.004126295910856624,-0.015565613979548617,-0.012645659301789137,-0.014363014358961859
84,-0.019928785812848644,-0.017008139033419845,-0.009714360236114817,-0.01773195807740356
85,-0.04050393586294761,-0.019669410549265715,-0.010619270149003879,-0.0188064503726809
86,-0.02070407774383268,-0.01768893177291076,-0.01007158240850899,-0.019659041989962284
87,0.0013336917273075043,-0.015669716507999754,-0.012261031542801176,-0.019408479364475855
88,-0.010196246891868162,-0.014940152058090187,-0.01356352995953512,-0.01950284525698108
89,-0.013303161180100912,-0.008741100328718927,-0.0045981603758544695,-0.009313870291052677
90,-0.013330753172331497,-0.008772090213452616,0.0013156953508819734,-0.008251461411295687
91,-0.014196388470601591,-0.008335082252219609,-0.009499676692502684,-0.006470161637363433
92,-0.010769124365029414,-0.008948741516855364,-0.013214063420864855,-0.006612966835083592
93,-0.010441651199748294,-0.00910440954243498,-0.008937933314365697,-0.008054263115781505
94,-0.011197039757508787,-0.0077118117588012725,-0.002742841160418613,-0.008665034346654481
95,-0.009091669631261148,-0.004074043668791514,0.014659114786093292,-0.010593821610732608
96,-0.007201510436830261,-0.005193264581530062,0.028361282802090697,-0.00979461606449165
97,-0.009725288229112094,-0.007100632155931886,0.0024222494073646217,-0.01185735477653335
98,-0.00852208060173621,-0.003375107450893021,-0.00317604632797526,-0.014352638221364343
99,-0.008901522816341361,-0.008637991865742826,-0.04175915109600341,-0.019933308232625287
100,-0.005969559672539333,-0.009882050317992443,-0.004954236325836807,-0.01908646709398696
101,-0.0066447256775662425,-0.009051029676696232,0.008762988091596579,-0.02291358847685447
102,-0.00648679884717276,-0.00811719420989765,0.0005660475943040145,-0.02718960926835431
103,-0.006372680945841916,-0.00831660299751106,-0.008291671473816266,-0.027799672574246894
104,-0.0072358924166632255,-0.008157232105127253,-0.03692724522941907,-0.02549918428423015
105,-0.007973251560429528,-0.0037570584749756423,-0.048044234632339214,-0.02487315157994029
106,-0.006727324507602,-0.0065570091634336415,-0.027439871771775298,-0.023106432987589732
107,-0.007825311642186073,0.009794172832382332,-0.01900606877453869,-0.017842158815072433
108,-0.006081317906823469,-0.016828531532644065,-0.0039235830918660205,-0.015834124348160825
109,-0.0018393593823854836,-0.0058806026149018495,0.004608173374631456,-0.01431524867592224
110,-0.0032409329537603907,0.0005490008184140511,0.006288651185668738,-0.01052529124938064
111,-0.0010306470711081833,0.003652268076593138,-0.004808943571184609,-0.011471459588010394
112,-0.0034943646223514328,-0.012784379205475547,-0.000692464187137027,-0.01146533048480131
113,-0.013671180968720987,-0.0044615802673554006,-0.008664596102522064,-0.01130077497202042
114,-0.01818629324154118,-0.003631952768496649,-0.009014434446140628,-0.0112012557513329
115,-0.009745939436933778,-0.00022012849882697673,-0.012491447883321405,-0.009000389258929565
116,-0.02358528996129072,-0.004210131019856485,-0.008997832859200274,-0.001967093952728448
117,-0.0031010910497939583,-0.001313522921336057,-0.004545237193911089,0.0038233807195958815
118,0.0024486387565545793,-0.002223800954266683,-0.003326414232896641,0.008282992497033435
119,-0.0026671473725824505,-0.001095744564683425,-0.005410882766424603,0.0068584231689274595
120,-0.019008150146663315,0.003588493829816969,-0.0075971296771213045,0.0013058435283921405
121,-0.02733471189105922,0.005121189945242922,-0.007541659909883304,0.0019287416452272775
122,-0.01176355597678442,0.0021523539203712077,-0.00792213762518612,0.0012306518502605693
123,-0.005700824425700989,0.0008921916144242348,-0.006686365631053728,-0.0021976306355690964
124,-0.0056334031880023215,0.0021580295080311095,-0.007218667529436796,0.0005664653118735038
125,-0.003422411569453851,0.005179023972787484,-0.008134162023966619,0.004241450715499773
126,-0.003551908948669114,-7.498880140047298e-05,-0.008911716246764666,0.006835618473544426
127,-0.002894027344418815,-1.587593492538114e-05,-0.009587983520451074,0.006490171920543547
128,-0.0021266916317698352,-0.0022360091319485933,-0.007343782616122418,0.0007367226018351048
129,-0.008155753696517639,-0.001980809589852068,-0.005624892233958131,-0.002007594642596425
130,-0.0031439592897176873,-0.000901949051229304,-0.0060745342557995885,-0.004423571438870914
131,-0.008201045927150255,-0.0008823174717635993,-0.006231376909126291,-0.004598394781321325
132,-0.0008789145838145584,-0.0016009372721861462,-0.005221259191930691,-0.00802447805862108
133,-0.0038760281337196284,-3.404280110713457e-05,-0.005771116010486308,-0.00835860968204479
134,-0.01695497983279518,-4.529668079413289e-06,-0.0051184985919696,-0.010060819224705184
135,-0.013050971788937037,0.006951575482812269,-0.003250942236915603,-0.010392959110229902
136,-0.007982832333442904,0.01496173880693254,-0.005470785071160713,-0.01047451418488593
137,-0.004576386803347486,-0.002766552478283046,-0.004506907321863015,-0.0066243506373693485
138,-0.003721310525482923,-0.0027914019550001395,-0.005114692879201912,-0.0025883286672204265
139,-0.004471298303723911,-0.03762009100808129,-0.0002545916047905685,-0.009247016697994413
140,-0.004732268618016053,-0.007217254948997175,-2.1726515280289976e-05,-0.009015576489847537
141,-0.0028815642417824756,-0.026434689093200743,0.0010986565897037712,-0.011327188422082586
142,-0.0026368630960277536,-0.020360794435497657,-0.00018579437104017117,-0.007033362163236436
143,-0.0029981012720937937,-0.046643603772038605,-0.0009607171459214718,-0.007254644391904617
144,-0.0026278910993033358,0.02584469028134641,-0.005368460021349591,-0.004509827200319952
145,-0.0022765141210004626,-0.01228874726592322,-0.014075019217245665,-0.003938346125328845
146,-0.002524578251879771,-0.010866277075189917,-0.008945116011303215,-0.004859575397732311
147,-0.0025705557129172703,-0.005670848573253117,-0.006369461234543787,-0.005071354108307598
148,-0.0031296213949359736,-0.005057204290509412,-0.005849592451091435,-0.005928921881017414
149,-0.0038672949810503996,-0.003598929313187744,-0.00509923162675008,-0.0094846447372647
150,-0.0038481916077832763,-0.010224376173619692,-0.00651894173990943,-0.01290145408836107
151,-0.0020407559504166586,-0.010918740627057947,-0.007772389245988642,-0.013179126376499942
152,-0.0018130831329881143,-0.008954942190891884,-0.006659839383274193,-0.009484352186505753
153,-0.0033200608857393518,-0.0005720106062773585,-0.005819005016432001,-0.011519187356018227
154,-0.003768767633075287,-0.0108270365857598,-0.007096578259495838,-0.014363646151155126
155,-0.0017810840614864427,-0.011698893940141798,-0.005841265899207269,-0.009748658574169754
156,0.005012252163628455,-0.007038784970647083,0.002805119994045053,-0.003994813398303559
157,0.004345370398394915,-0.00862863619925445,-0.004626369351864956,-0.004568044662025162
158,0.011318121594707803,-0.017500081272541376,-0.003048996802604117,-0.006936144458449981
159,0.012377450872423612,-0.01493294328022889,-0.003274175761738804,-0.007002983908768612
160,0.005936545572889136,-0.006655374666043864,-0.0035525428683383696,-0.010121907836919668
161,0.018153250063211133,-0.011125152621072724,-0.004314277994156904,-0.011914298219054318
162,0.009108709686243631,-0.009735936983805508,-0.004186532486533609,-0.008867040716018872
163,0.0009646834751839767,-0.003933019685613663,-0.006132194396756859,-0.01002256154249277
164,0.0039055820531935666,-0.02180502489986302,-0.006716520776034031,-0.007979567606075428
165,-0.0262399733059151,-0.014614872302164775,-0.0036785465778984157,-0.010657107087011883
166,0.005917577430152549,-0.020995840385579372,-0.0019131573791688389,-0.014457432423952265
167,0.009296527794765605,-0.01995047834553418,-0.0008245892419915012,-0.017253789261312356
168,0.0161084420861531,-0.01627376412254656,-0.0007953663182909558,-0.018645299997883506
169,0.0038227452220147874,-0.018393768135992312,-0.002340812992695222,-0.015873048534624255
170,-0.0005024609960485808,-0.01529531020777512,-0.002830673914696142,-0.01742302680496365
171,-0.007892694026932757,-0.011511654645962585,-0.0037077000975951203,-0.018647298121541995
172,-0.005644964685842917,-0.013077533343713409,-0.00310957310478068,-0.011217217616785418
173,-0.003991449266111424,-0.011994285665719254,-0.0037948285974110274,-0.007633811014389962
174,-0.0027657767251450752,-0.012074621661984622,-0.003901468309291992,-0.00960061335772895
175,-0.005465970522887405,-0.018328369342491366,-0.00477047991665463,-0.019186437966252787
176,-0.007280931732651509,-0.02102313872867811,-0.00614990890851178,-0.020942736700408082
177,-0.006980871564905311,-0.012741896449977348,-0.007031757595106471,-0.019926215601298303
178,-0.0031030162191335487,-0.01066293111709505,-0.006101970493250395,-0.019683403967816603
179,-0.007038235004969187,0.005097941186545461,-0.006375961591435854,-0.020769004271904604
180,-0.009572559856575081,0.006149857995659419,-0.004264372027263155,-0.022529930441752482
181,0.00035647161478029945,0.008998633712608516,-0.004027549792837254,-0.023289646870578242
182,0.047597992428997274,-0.0004251074061016121,0.00044324591943166957,-0.01772909484218831
183,0.010337469668331744,-0.007727517114565224,-0.007323289661098017,0.01842118842792183
184,-0.0037368032982711876,-0.006322932730768804,-0.0016466879761737412,0.006880631398493398
185,-0.04870672128338611,-0.010122635555788146,-0.005520495933702407,-0.004564581408877312
186,0.006376840809421094,-0.009451880227664518,-0.008726904135815493,-0.00795636990849806
187,-0.0010870678201349996,-0.008373489797231242,-0.007525727591861502,-0.0090438017649401
188,-0.013111972490350208,-0.010453957291489489,-0.004426734939869548,-0.008591259300993071
189,0.006345048828446718,-0.01196692362241268,-0.004631284813064733,-0.004876053731381034
190,0.0037496380799368683,-0.015799810777768597,-0.002922334765754978,-0.005036665493361544
191,0.00011334711175365326,-0.013569954930695446,9.632712515564327e-05,-0.00954716398854199
192,0.012333629673320145,-0.007721116461974315,-7.871989013422065e-05,-0.009160359602755878
193,0.00883011050982059,-0.0022317699546238194,0.0032402929353909826,-0.006506152985856331
194,0.008563234133675365,0.0027501700402484805,0.001056731329692708,-0.0006664857221313861
195,0.007719958781783852,-0.0009497790699139002,-0.01275309694077431,0.009085852093518558
196,0.008796996565433025,0.009118859070969928,-0.005366700331512088,0.018670649594322308
197,0.007828660866487236,0.002890839637885232,-0.004848633570480404,-0.0015901881877662166
198,0.004993333384172952,0.006717464657005596,0.0002676312190578501,-0.008730790651854907
199,0.00647977940456165,0.010035850847480595,-0.0032598694217615904,-0.0009509138253015173
200,0.011978933347346203,0.024148892730317544,-0.007781731715285031,0.007625776853334803
