tramo,x_centro,grosor_px,ruido_px,ev1_0.31s,ev2_11.91s,ev3_21.91s,ev4_31.91s,ev5_41.91s,ev6_51.91s,ev1_sobre_otros,otros_pct_grosor,ev1_pct_grosor
136-256,196.0,307.6664952200458,0.07398174000001193,-0.07680000000004839,1.1348499999999717,1.0454999999999757,1.0191000000000088,0.8892999999999915,0.8081999999999994,-0.0753606123050218,0.33123528750543324,-0.024962094083439388
256-376,316.0,297.464116774532,0.07375934999998347,0.05200000000002092,1.1588500000000295,1.3152999999999793,1.176150000000007,1.0843000000000131,1.1824000000000012,0.044212047783038395,0.39539222839825416,0.017481100094985644
376-496,436.0,292.5401833033808,0.04966710000000539,0.04239999999998645,1.2035499999999786,1.4009000000000071,1.3841500000000337,1.1978999999999758,1.3582500000000266,0.031216639057600307,0.46429519003597675,0.014493735363533029
496-616,556.0,289.50041082228563,0.03024503999999272,0.16469999999998208,1.4427500000000464,1.5421500000000208,1.541799999999938,1.2772000000000219,1.4864000000000601,0.1108046286329221,0.5134362316717092,0.05689111097707069
616-736,676.0,286.1971687065517,0.033358499999969655,0.1882999999999697,1.5018500000000188,1.523149999999987,1.4536999999999694,1.3728499999999997,1.4659000000000049,0.1284535097891869,0.5121993367806672,0.06579380252117048
736-856,796.0,284.8616448970128,0.03573065999996413,0.24869999999998527,1.6659999999999684,1.6913000000000409,1.6738499999999874,1.4665000000000532,1.56280000000001,0.1492797118847479,0.5848453204720784,0.0873055409372149
856-976,916.0,282.22719095649416,0.030986340000059464,0.33725000000004,1.6035500000000127,1.5471000000000288,1.5648000000000195,1.4543999999999642,1.4946499999999787,0.21798849460282707,0.5481753883305018,0.11949592768048622
976-1096,1036.0,282.8655615174307,0.028095270000026696,0.37590000000000146,1.6871499999999742,1.6961500000000171,1.6890500000000088,1.4827999999999975,1.6849999999999739,0.2228017662922723,0.5964494196286276,0.13288998419725895
1096-1216,1156.0,285.3716044303631,0.07175784000002237,0.41124999999999545,1.6040500000000009,1.5557999999999765,1.7084500000000276,1.5428000000000281,1.553650000000033,0.2643334618845621,0.5451838850980093,0.14411034371163212
1216-1336,1276.0,290.7304097729999,0.0490740599999857,0.390199999999993,1.3478500000000224,1.3984000000000094,1.4275499999999965,1.3148999999999944,1.3818500000000427,0.2823750768896631,0.4753028763241453,0.13421368624790855
1336-1456,1396.0,295.20685453640044,0.06908915999997593,0.5197000000000003,1.4356000000000222,1.4392499999999586,1.2967500000000314,1.1730499999999608,1.3470000000000368,0.38582034149961847,0.45629021796102814,0.17604604771665922
1592-1712,1652.0,330.55721233143555,0.10570937999996959,0.11850000000004002,0.5950999999999738,0.7595499999999902,0.7338000000000306,0.43019999999998504,0.4337500000000034,0.19912619727784447,0.18002934977661067,0.035848559819419444
875-1039 (ROI),957.0,282.23211910422845,0.024166380000001618,0.3724500000000148,1.6345999999999492,1.5758500000000026,1.650000000000034,1.4600999999999829,1.5906500000000108,0.23414956150002345,0.5635963777080181,0.13196584470333403
