caso,fotograma,variante,s,bordes_clahe,bordes_clahe_top,bordes_clahe_bot,bordes_crudo,bordes_crudo_top,bordes_crudo_bot,correlacion,corr_pico
sintetico,-1,analitico,0.1,0.07579999999995835,0.045200000000022555,0.10649999999998272,0.07839999999998781,0.08300000000002683,0.07370000000003074,0.018272421342046295,0.9999763131477265
sintetico,-1,rigido_interp,0.1,0.09109999999998308,0.09360000000003765,0.0887000000000171,0.10580000000004475,0.11140000000000327,0.10000000000002274,0.018223144366235074,0.999976333127331
sintetico,-1,analitico,0.2,0.16639999999995325,0.15370000000001482,0.179300000000012,0.17690000000004602,0.171100000000024,0.18259999999997945,0.036535000875358534,0.999905281912415
sintetico,-1,rigido_interp,0.2,0.17970000000002528,0.15780000000000882,0.2016999999999598,0.1972000000000662,0.1834999999999809,0.21079999999994925,0.03642352947955986,0.9999053452959905
sintetico,-1,analitico,0.3,0.24259999999992488,0.22200000000003683,0.26329999999995835,0.26330000000007203,0.24799999999999045,0.2783999999999196,0.054778252932697336,0.9997869944684774
sintetico,-1,rigido_interp,0.3,0.2941999999999325,0.2740000000000009,0.3146000000000413,0.2948000000000093,0.2740999999999758,0.31529999999997926,0.05459467724693338,0.9997870888587718
sintetico,-1,analitico,0.4,0.3406999999999698,0.3310000000000173,0.3505000000000109,0.36400000000003274,0.3242000000000189,0.403699999999958,0.07299268804952348,0.9996215972224476
sintetico,-1,rigido_interp,0.4,0.38179999999999836,0.3657000000000039,0.39790000000004966,0.398900000000026,0.38519999999999754,0.41250000000002274,0.07273015788569916,0.9996216762658386
sintetico,-1,analitico,0.5,0.4399999999999409,0.3952000000000453,0.48479999999995016,0.48300000000006094,0.43250000000000455,0.5334000000000287,0.09116876069863565,0.9994092944307513
sintetico,-1,rigido_interp,0.5,0.495900000000006,0.4601000000000113,0.5318999999999505,0.4775000000000773,0.45179999999999154,0.5031999999999925,0.09082354745915099,0.9994092942549968
sintetico,-1,analitico,0.6,0.5396999999999252,0.49370000000004666,0.5856999999999744,0.573500000000081,0.5303000000000111,0.6165999999999485,0.10929681617046767,0.9991503478646228
sintetico,-1,rigido_interp,0.6,0.55499999999995,0.5266000000000304,0.5834999999999582,0.5658000000000811,0.5228999999999928,0.6086999999999989,0.10886844032681608,0.9991502124502684
sintetico,-1,analitico,0.7,0.5985999999999194,0.5547000000000253,0.6425000000000409,0.6452000000000453,0.6021999999999821,0.6880999999999631,0.1273671344107994,0.9988450754883972
sintetico,-1,rigido_interp,0.7,0.6790999999999485,0.6762000000000512,0.6821999999999662,0.6956000000000131,0.6822999999999979,0.7087000000000216,0.12685836096814784,0.9988447865253712
sintetico,-1,analitico,0.8,0.6990999999999303,0.7017000000000166,0.6965000000000146,0.7358000000000402,0.7060999999999922,0.7654999999999745,0.14536998599048306,0.998493848632092
sintetico,-1,rigido_interp,0.8,0.776299999999992,0.8016000000000076,0.7512000000000398,0.802599999999984,0.8077000000000112,0.7973999999999251,0.14478674727438587,0.9984934564286008
sintetico,-1,analitico,0.9,0.8265999999999849,0.8021000000000527,0.8513000000000375,0.8419000000000096,0.8229000000000042,0.8607999999999265,0.16329539563097922,0.9980970944801933
sintetico,-1,rigido_interp,0.9,0.8929999999999154,0.8983000000000061,0.8876999999999953,0.9256000000000313,0.9375,0.9136999999999489,0.16264714086247253,0.9980967332122326
sintetico,-1,analitico,1.0,0.9397999999999911,0.9399000000000228,0.939899999999966,0.9483000000000175,0.9628999999999905,0.9336999999999307,0.1811333820983358,0.9976552904071626
sintetico,-1,rigido_interp,1.0,0.9744999999999209,0.9882000000000062,0.9607999999999493,1.0,1.0,1.0,0.1804327785381355,0.9976551902487201
sintetico,-1,analitico,1.5,1.4773000000000138,1.5068000000000552,1.4479000000000042,1.4734000000000833,1.491800000000012,1.4548999999999523,0.2686520306755251,0.99479068195602
sintetico,-1,rigido_interp,1.5,1.4733999999999696,1.4179000000000315,1.5289999999999964,1.4775000000000773,1.4517999999999915,1.5031999999999925,0.26793910053014214,0.9947941888414
sintetico,-1,analitico,2.0,1.9075000000000273,1.9025000000000318,1.9125999999999976,1.9455000000000382,1.9762000000000057,1.9145999999999503,0.35241310524773045,0.9908980488234254
sintetico,-1,rigido_interp,2.0,2.0037999999999556,1.9963000000000193,2.0114999999999554,2.0,2.0,2.0,0.35188291374370145,0.990904470293309
sintetico,-1,analitico,3.0,3.016899999999964,3.025700000000029,3.008199999999988,3.0366000000000213,3.0622999999999934,3.0108000000000175,0.5208432824373522,0.9805412714893923
sintetico,-1,rigido_interp,3.0,2.979600000000005,2.9664000000000215,2.993000000000052,3.0,3.0,3.0,0.5146914439175038,0.9805320367268895
Video_063_CTRL1_5V,46,rigido,0.1,0.1863999999999919,0.10349999999999682,0.26930000000004384,0.1741000000000099,0.11720000000002528,0.23099999999999454,0.028312412948091528,0.9999625255150487
Video_063_CTRL1_5V,46,blur,0.1,0.1525999999999499,0.05009999999998627,0.25520000000005894,0.05299999999999727,0.06080000000002883,0.045200000000022555,0.014154377348380511,0.9999906332507758
Video_063_CTRL1_5V,46,franja,0.1,0.1863999999999919,0.10349999999999682,0.26930000000004384,0.1741000000000099,0.11720000000002528,0.23099999999999454,0.028355385184633614,0.999962532759456
Video_063_CTRL1_5V,46,rigido,0.2,0.20299999999997453,0.19099999999997408,0.21510000000000673,0.22820000000001528,0.22200000000003683,0.23439999999993688,0.05664444304787336,0.9998499905921124
Video_063_CTRL1_5V,46,blur,0.2,0.18599999999997863,0.10419999999999163,0.2679000000000542,0.1745999999999981,0.11770000000001346,0.23159999999995762,0.028307899879370005,0.9999625215848024
Video_063_CTRL1_5V,46,franja,0.2,0.20229999999997972,0.18969999999995935,0.21500000000003183,0.22820000000001528,0.22200000000003683,0.23439999999993688,0.05672867649814688,0.9998500208340839
Video_063_CTRL1_5V,46,rigido,0.3,0.3126999999999498,0.3248999999999569,0.3005000000000564,0.45170000000001664,0.3505000000000109,0.5529000000000224,0.08500983823392003,0.9996622150594427
Video_063_CTRL1_5V,46,blur,0.3,0.1630999999999858,0.15569999999996753,0.17050000000006094,0.240099999999984,0.1715000000000373,0.3086999999999307,0.04245930089387602,0.9999156455390493
Video_063_CTRL1_5V,46,franja,0.3,0.3110999999999535,0.3220999999999776,0.3002999999999929,0.45170000000001664,0.3505000000000109,0.5529000000000224,0.08513074147987743,0.9996622868643876
Video_063_CTRL1_5V,46,rigido,0.4,0.4131999999999607,0.43659999999999854,0.38990000000001146,0.5577000000000112,0.45820000000003347,0.6571999999999889,0.11341409187107203,0.9993991858601877
Video_063_CTRL1_5V,46,blur,0.4,0.2150999999999499,0.2189999999999941,0.2113000000000511,0.23029999999999973,0.22530000000000427,0.23529999999993834,0.05660594450130487,0.9998500039079032
Video_063_CTRL1_5V,46,franja,0.4,0.4130999999999858,0.4363999999999919,0.38990000000001146,0.5577000000000112,0.45820000000003347,0.6571999999999889,0.11356486517111528,0.9993993203531821
Video_063_CTRL1_5V,46,rigido,0.5,0.5240000000000009,0.5453999999999724,0.5026000000000295,0.6745999999999981,0.5817000000000121,0.7674999999999272,0.14185444711706005,0.9990612273483309
Video_063_CTRL1_5V,46,blur,0.5,0.26380000000000337,0.2767999999999802,0.25090000000000146,0.40330000000000155,0.300200000000018,0.5063000000000102,0.07074427469033563,0.9997656312696254
Video_063_CTRL1_5V,46,franja,0.5,0.5241999999999507,0.5462999999999738,0.5021000000000413,0.6745999999999981,0.5817000000000121,0.7674999999999272,0.14202676718117638,0.9990614465589444
Video_063_CTRL1_5V,46,rigido,0.6,0.635599999999954,0.6535999999999831,0.6176000000000386,0.7477999999999838,0.622600000000034,0.8729999999999336,0.1703192958176706,0.9986491100790118
Video_063_CTRL1_5V,46,blur,0.6,0.31749999999999545,0.33969999999999345,0.29539999999997235,0.4544999999999959,0.35300000000000864,0.5558999999999514,0.08486925426726667,0.9996626163449828
Video_063_CTRL1_5V,46,franja,0.6,0.636099999999999,0.6539999999999964,0.6182000000000016,0.7477999999999838,0.622600000000034,0.8729999999999336,0.1705041336843174,0.9986494344602607
Video_063_CTRL1_5V,46,rigido,0.7,0.7337999999999738,0.7423999999999751,0.7253000000000611,0.8661000000000172,0.7518000000000029,0.9803999999999178,0.19878856178812782,0.9981640776714201
Video_063_CTRL1_5V,46,blur,0.7,0.3643999999999892,0.4009999999999536,0.32789999999999964,0.5075999999999681,0.40790000000004056,0.6073999999999842,0.09897484203168139,0.9995411087473267
Video_063_CTRL1_5V,46,franja,0.7,0.7341999999999871,0.7428999999999633,0.7256999999999607,0.8661000000000172,0.7518000000000029,0.9803999999999178,0.19897689068614496,0.9981645231450834
Video_063_CTRL1_5V,46,rigido,0.8,0.8109000000000037,0.821899999999971,0.7998999999999796,0.983099999999979,0.8432000000000244,1.1229999999999336,0.22723326693530396,0.9976078151954515
Video_063_CTRL1_5V,46,blur,0.8,0.4177999999999997,0.45589999999998554,0.37980000000004566,0.5765999999999849,0.4925000000000068,0.6607000000000198,0.11305379216686899,0.9994013242538204
Video_063_CTRL1_5V,46,franja,0.8,0.810799999999972,0.8220000000000027,0.7997000000000298,0.983099999999979,0.8432000000000244,1.1229999999999336,0.2274167443757,0.9976083905240422
Video_063_CTRL1_5V,46,rigido,0.9,0.9044999999999845,0.9078999999999837,0.9011000000000422,0.9092999999999734,0.9136000000000308,0.9049999999999727,0.25561511411501403,0.9969823430188512
Video_063_CTRL1_5V,46,blur,0.9,0.4732999999999947,0.5206000000000017,0.42619999999999436,0.6245000000000118,0.532100000000014,0.7169999999999845,0.12709741704917496,0.9992435458834182
Video_063_CTRL1_5V,46,franja,0.9,0.9056999999999675,0.9099999999999682,0.9015000000000555,0.9092999999999734,0.9136000000000308,0.9049999999999727,0.25578697077409174,0.9969830477638568
Video_063_CTRL1_5V,46,rigido,1.0,1.0604999999999905,1.003499999999974,1.1176000000000386,1.008800000000008,1.0176999999999907,1.0,0.28388619645865487,0.9962898512546041
Video_063_CTRL1_5V,46,blur,1.0,0.5297999999999661,0.58299999999997,0.47680000000002565,0.6687000000000012,0.568300000000022,0.7691999999999553,0.14109591924148335,0.9990681164380812
Video_063_CTRL1_5V,46,franja,1.0,1.0015999999999963,1.0032999999999674,0.9999000000000251,1.008800000000008,1.0176999999999907,1.0,0.2840419016110552,0.9962906752070695
Video_063_CTRL1_5V,46,rigido,1.5,1.5125999999999635,1.5301999999999794,1.4951999999999543,1.529799999999966,1.5223000000000297,1.5372999999999593,0.4226515105869948,0.9918555780207124
Video_063_CTRL1_5V,46,blur,1.5,0.7860999999999763,0.8812999999999533,0.6910000000000309,0.7978999999999701,0.7909999999999968,0.8048999999999751,0.21012381031140837,0.9979375851537422
Video_063_CTRL1_5V,46,franja,1.5,1.5118999999999687,1.528699999999958,1.4950999999999794,1.529799999999966,1.5223000000000297,1.5372999999999593,0.4227875281802319,0.9918568540111218
Video_063_CTRL1_5V,46,rigido,2.0,1.9986999999999853,1.9998999999999683,1.997600000000034,2.0258999999999787,2.0,2.0517999999999574,0.698581983556271,0.987203534360935
Video_063_CTRL1_5V,46,blur,2.0,0.9891999999999825,1.1389999999999532,0.8395000000000437,1.0439000000000078,1.0363000000000397,1.051499999999919,0.27712223234951633,0.9964054971663376
Video_063_CTRL1_5V,46,franja,2.0,1.9898000000000025,1.9816999999999894,1.9978999999999587,2.0258999999999787,2.0,2.0517999999999574,0.699968601719938,0.9872118674388066
Video_063_CTRL1_5V,46,rigido,3.0,3.079499999999996,2.9787999999999784,3.1802000000000135,3.1035999999999717,2.995800000000031,3.2113999999999123,1.6972888411019833,0.9781186554075569
Video_063_CTRL1_5V,46,blur,3.0,1.6288999999999874,2.050399999999968,1.2074999999999818,1.5439999999999827,1.5053000000000338,1.5826999999999316,0.4037036169687583,0.9922521955028815
Video_063_CTRL1_5V,46,franja,3.0,3.0797999999999774,2.9798999999999864,3.1798,3.1035999999999717,2.995800000000031,3.2113999999999123,1.700632608666822,0.9781526757270851
Video_063_CTRL1_5V,46,rigido_entero,1.0,1.0604999999999905,1.003499999999974,1.1176000000000386,1.008800000000008,1.0176999999999907,1.0,0.28388619645865487,0.9962898512546041
Video_063_CTRL1_5V,46,rigido_entero,2.0,1.9986999999999853,1.9998999999999683,1.997600000000034,2.0258999999999787,2.0,2.0517999999999574,0.698581983556271,0.987203534360935
Video_063_CTRL1_5V,46,rigido_entero,3.0,3.079499999999996,2.9787999999999784,3.1802000000000135,3.1035999999999717,2.995800000000031,3.2113999999999123,1.6972888411019833,0.9781186554075569
Video_063_CTRL1_5V,438,rigido,0.1,0.09409999999996899,0.09649999999999181,0.09170000000005984,0.07789999999999964,0.061599999999998545,0.09410000000002583,0.028463449499660537,0.9999622448342299
Video_063_CTRL1_5V,438,blur,0.1,0.04699999999996862,0.047000000000025466,0.04690000000005057,0.04640000000000555,0.045200000000022555,0.04759999999998854,0.014230016314633985,0.9999905634911268
Video_063_CTRL1_5V,438,franja,0.1,0.09409999999996899,0.09649999999999181,0.09170000000005984,0.07789999999999964,0.061599999999998545,0.09410000000002583,0.02844170166931198,0.9999622492169461
Video_063_CTRL1_5V,438,rigido,0.2,0.184599999999989,0.20400000000000773,0.1652000000000271,0.16739999999998645,0.16250000000002274,0.17230000000006385,0.05694150900876287,0.9998488408256853
Video_063_CTRL1_5V,438,blur,0.2,0.09440000000000737,0.09800000000001319,0.09090000000003329,0.07859999999999445,0.0636000000000081,0.09360000000003765,0.028457198859052537,0.9999622387631871
Video_063_CTRL1_5V,438,franja,0.2,0.18509999999997717,0.20420000000001437,0.16610000000002856,0.16739999999998645,0.16250000000002274,0.17230000000006385,0.056903950252281045,0.9998488594547328
Video_063_CTRL1_5V,438,rigido,0.3,0.3802000000000021,0.3239000000000374,0.43650000000002365,0.3635999999999626,0.2647999999999797,0.46230000000002747,0.08544711553816733,0.9996595504644895
Video_063_CTRL1_5V,438,blur,0.3,0.143100000000004,0.15379999999998972,0.13240000000007512,0.141399999999976,0.1420999999999708,0.14060000000006312,0.04267974353337194,0.9999149988173227
Video_063_CTRL1_5V,438,franja,0.3,0.38009999999997035,0.3231000000000108,0.4370999999999867,0.3635999999999626,0.2647999999999797,0.46230000000002747,0.08539967913644958,0.9996595953021195
Video_063_CTRL1_5V,438,rigido,0.4,0.46709999999995944,0.3983000000000061,0.5358999999999696,0.37709999999998445,0.3716999999999757,0.38250000000005,0.11398491125064122,0.9993943101839072
Video_063_CTRL1_5V,438,blur,0.4,0.18540000000001555,0.21170000000000755,0.15899999999999181,0.1694999999999709,0.16669999999999163,0.17240000000003874,0.05689487973087897,0.9998488330386246
Video_063_CTRL1_5V,438,franja,0.4,0.4672999999999661,0.3982000000000312,0.5362999999999829,0.37709999999998445,0.3716999999999757,0.38250000000005,0.1139332394404835,0.9993943950954799
Video_063_CTRL1_5V,438,rigido,0.5,0.5920999999999594,0.5119000000000256,0.6723000000000638,0.4841000000000122,0.4825000000000159,0.4857000000000653,0.14255132720484856,0.9990534290657754
Video_063_CTRL1_5V,438,blur,0.5,0.23959999999999582,0.271000000000015,0.20820000000003347,0.2259999999999991,0.21519999999998163,0.23680000000001655,0.07109857154239209,0.9997637705660856
Video_063_CTRL1_5V,438,franja,0.5,0.5926000000000045,0.5121000000000322,0.6732000000000653,0.4841000000000122,0.4825000000000159,0.4857000000000653,0.1425006154972629,0.999053568807785
Video_063_CTRL1_5V,438,rigido,0.6,0.6973999999999592,0.6537000000000148,0.7412000000000489,0.5883999999999787,0.5867999999999824,0.5900000000000318,0.17113424033991825,0.9986377082990432
Video_063_CTRL1_5V,438,blur,0.6,0.38220000000001164,0.33740000000000236,0.4270000000000209,0.2769999999999868,0.2687000000000239,0.28530000000000655,0.08528563942320466,0.9996598977020722
Video_063_CTRL1_5V,438,franja,0.6,0.7122999999999706,0.6514000000000237,0.7730999999999995,0.5883999999999787,0.5867999999999824,0.5900000000000318,0.17108892813178816,0.9986379171132915
Video_063_CTRL1_5V,438,rigido,0.7,0.7104999999999677,0.7470000000000141,0.6739000000000033,0.6906999999999925,0.6872000000000185,0.6941000000000486,0.19971314418945682,0.9981484784329233
Video_063_CTRL1_5V,438,blur,0.7,0.4053000000000111,0.39879999999999427,0.4116999999999962,0.32859999999999445,0.32089999999999463,0.3363000000000511,0.09944967564387723,0.999537369328223
Video_063_CTRL1_5V,438,franja,0.7,0.7095999999999663,0.7450000000000045,0.6743000000000166,0.6906999999999925,0.6872000000000185,0.6941000000000486,0.19967674682142333,0.9981487684339321
Video_063_CTRL1_5V,438,rigido,0.8,0.808400000000006,0.830600000000004,0.7862999999999829,0.7955000000000041,0.7912999999999784,0.7997000000000298,0.22825843454476863,0.9975875623832033
Video_063_CTRL1_5V,438,blur,0.8,0.49169999999998026,0.4618000000000393,0.5216000000000349,0.3827999999999747,0.37880000000001246,0.3869000000000824,0.11358311660448217,0.9993964127148024
Video_063_CTRL1_5V,438,franja,0.8,0.8081999999999994,0.8296000000000276,0.7867999999999711,0.7955000000000041,0.7912999999999784,0.7997000000000298,0.22823328309674668,0.9975879421191763
Video_063_CTRL1_5V,438,rigido,0.9,0.9022999999999683,0.9089999999999918,0.8956000000000586,0.9038999999999646,0.9080000000000155,0.8999000000000024,0.2567316720705429,0.9969571479879041
Video_063_CTRL1_5V,438,blur,0.9,0.5543999999999869,0.5067999999999984,0.6019000000000005,0.4350000000000023,0.4323999999999728,0.4375,0.1276772574149657,0.9992373276458151
Video_063_CTRL1_5V,438,franja,0.9,0.9020999999999617,0.9091999999999985,0.8949999999999818,0.9038999999999646,0.9080000000000155,0.8999000000000024,0.2567186031885277,0.996957621541647
Video_063_CTRL1_5V,438,rigido,1.0,0.9998999999999683,1.0004000000000133,0.999300000000062,1.0188999999999737,0.9970000000000141,1.0407999999999902,0.2850846940340674,0.9962595978825305
Video_063_CTRL1_5V,438,blur,1.0,0.5971999999999866,0.5468999999999937,0.6475000000000364,0.48599999999999,0.4841999999999871,0.4879000000000815,0.14172182261440666,0.9990604827207028
Video_063_CTRL1_5V,438,franja,1.0,0.9996999999999616,1.0,0.9994000000000369,1.0188999999999737,0.9970000000000141,1.0407999999999902,0.2850827753700991,0.9962601647374361
Video_063_CTRL1_5V,438,rigido,1.5,1.5229999999999677,1.5160999999999945,1.5298999999999978,1.5043999999999755,1.482500000000016,1.526200000000017,0.42418559016742385,0.99179815403753
Video_063_CTRL1_5V,438,blur,1.5,0.7543000000000006,0.872600000000034,0.6359999999999673,0.7355999999999767,0.7325999999999908,0.7386000000000195,0.21091680901298251,0.9979219205866596
Video_063_CTRL1_5V,438,franja,1.5,1.5401999999999703,1.5506000000000313,1.5298999999999978,1.5043999999999755,1.482500000000016,1.526200000000017,0.42420894470129195,0.9917992250713494
Video_063_CTRL1_5V,438,rigido,2.0,2.0156000000000063,1.9920000000000186,2.0392000000000507,2.003399999999999,1.9660000000000082,2.04079999999999,0.7046085457093478,0.9871588855053591
Video_063_CTRL1_5V,438,blur,2.0,1.0113000000000056,1.17349999999999,0.8491999999999962,1.0360999999999763,0.9895000000000209,1.0827000000000453,0.27802256422328175,0.9963804225250809
Video_063_CTRL1_5V,438,franja,2.0,2.015899999999988,1.9927000000000135,2.039100000000076,2.003399999999999,1.9660000000000082,2.04079999999999,0.7040467592750983,0.9871611083237263
Video_063_CTRL1_5V,438,rigido,3.0,2.9939999999999714,2.9863000000000284,3.001600000000053,2.983699999999999,2.967300000000023,3.0,1.7039651276928387,0.9780553394535425
Video_063_CTRL1_5V,438,blur,3.0,1.553799999999967,1.9023000000000252,1.2052999999999656,1.548599999999965,1.4809999999999945,1.6163000000000238,0.404837894047636,0.9922043051419575
Video_063_CTRL1_5V,438,franja,3.0,2.9810999999999694,2.960300000000018,3.001899999999978,2.983699999999999,2.967300000000023,3.0,1.7009040117819918,0.9780395654301699
Video_063_CTRL1_5V,438,rigido_entero,1.0,0.9998999999999683,1.0004000000000133,0.999300000000062,1.0188999999999737,0.9970000000000141,1.0407999999999902,0.2850846940340674,0.9962595978825305
Video_063_CTRL1_5V,438,rigido_entero,2.0,2.0156000000000063,1.9920000000000186,2.0392000000000507,2.003399999999999,1.9660000000000082,2.04079999999999,0.7046085457093478,0.9871588855053591
Video_063_CTRL1_5V,438,rigido_entero,3.0,2.9939999999999714,2.9863000000000284,3.001600000000053,2.983699999999999,2.967300000000023,3.0,1.7039651276928387,0.9780553394535425
Video_063_CTRL1_5V,919,rigido,0.1,0.09430000000003247,0.1016999999999939,0.08690000000001419,0.1079000000000292,0.12350000000003547,0.09229999999990923,0.028511251414313127,0.9999620811897787
Video_063_CTRL1_5V,919,blur,0.1,0.04570000000001073,0.048699999999996635,0.042699999999967986,0.04550000000000409,0.04650000000003729,0.044499999999970896,0.014253567125606045,0.9999905221991388
Video_063_CTRL1_5V,919,franja,0.1,0.09430000000003247,0.1016999999999939,0.08690000000001419,0.1079000000000292,0.12350000000003547,0.09229999999990923,0.028528315937704718,0.9999620858018123
Video_063_CTRL1_5V,919,rigido,0.2,0.19519999999999982,0.22050000000001546,0.16989999999998417,0.20319999999998117,0.21719999999999118,0.18909999999993943,0.057043361494768484,0.9998482086821151
Video_063_CTRL1_5V,919,blur,0.2,0.09370000000001255,0.10329999999999018,0.08420000000000982,0.1079000000000292,0.12370000000004211,0.09209999999995944,0.028506519062733427,0.9999620768081504
Video_063_CTRL1_5V,919,franja,0.2,0.19540000000000646,0.22100000000000364,0.16989999999998417,0.20319999999998117,0.21719999999999118,0.18909999999993943,0.05707516021039889,0.9998482282262827
Video_063_CTRL1_5V,919,rigido,0.3,0.29820000000000846,0.3372999999999706,0.25919999999996435,0.3038999999999987,0.3177000000000021,0.2900999999999385,0.08560907503032075,0.9996581929461882
Video_063_CTRL1_5V,919,blur,0.3,0.14470000000000027,0.16480000000001382,0.12450000000001182,0.15460000000001628,0.1693000000000211,0.13979999999992287,0.042757225024449876,0.9999146436375853
Video_063_CTRL1_5V,919,franja,0.3,0.29710000000000036,0.33600000000001273,0.2582999999999629,0.3038999999999987,0.3177000000000021,0.2900999999999385,0.08565199114701057,0.9996582400254111
Video_063_CTRL1_5V,919,rigido,0.4,0.3949999999999818,0.43020000000001346,0.35969999999997526,0.39339999999998554,0.3919999999999959,0.39469999999994343,0.1142129480394291,0.9993920146886883
Video_063_CTRL1_5V,919,blur,0.4,0.19499999999999318,0.22409999999996444,0.16579999999999018,0.20539999999999736,0.22149999999999181,0.18929999999988922,0.05700288800139956,0.9998482195312259
Video_063_CTRL1_5V,919,franja,0.4,0.3947000000000003,0.4288999999999987,0.3605000000000018,0.39339999999998554,0.3919999999999959,0.39469999999994343,0.1142623543981127,0.999392103923324
Video_063_CTRL1_5V,919,rigido,0.5,0.5112000000000307,0.554300000000012,0.4681000000000495,0.5024000000000228,0.5019000000000347,0.5027999999999793,0.14285151083860842,0.9990499999711231
Video_063_CTRL1_5V,919,blur,0.5,0.248800000000017,0.289100000000019,0.20860000000004675,0.2562000000000353,0.27070000000003347,0.24179999999989832,0.07123958774782468,0.9997628392732789
Video_063_CTRL1_5V,919,franja,0.5,0.511099999999999,0.5541999999999803,0.4680000000000746,0.5024000000000228,0.5019000000000347,0.5027999999999793,0.14290221943025572,0.9990501466484867
Video_063_CTRL1_5V,919,rigido,0.6,0.5923999999999978,0.654200000000003,0.5306000000000495,0.6238999999999919,0.6405000000000314,0.6071999999999207,0.17151295333555447,0.9986329278797922
Video_063_CTRL1_5V,919,blur,0.6,0.30110000000001946,0.3499999999999659,0.2521000000000413,0.28940000000000055,0.28520000000003165,0.29369999999994434,0.08546213168569444,0.9996585915083213
Video_063_CTRL1_5V,919,franja,0.6,0.5917999999999779,0.6524000000000001,0.5312999999999874,0.6238999999999919,0.6405000000000314,0.6071999999999207,0.17155946354001267,0.998633146012887
Video_063_CTRL1_5V,919,rigido,0.7,0.6956000000000131,0.7506000000000199,0.640700000000038,0.7239000000000146,0.7359000000000151,0.7119999999999891,0.20017687140508322,0.998142064876535
Video_063_CTRL1_5V,919,blur,0.7,0.3532999999999902,0.4078999999999837,0.2987000000000535,0.36110000000002174,0.3760000000000332,0.34629999999992833,0.09966421836340049,0.9995356280988137
Video_063_CTRL1_5V,919,franja,0.7,0.6960000000000264,0.7497999999999934,0.6421000000000276,0.7239000000000146,0.7359000000000151,0.7119999999999891,0.20021392743283925,0.998142365012858
Video_063_CTRL1_5V,919,rigido,0.8,0.794399999999996,0.8365000000000009,0.752399999999966,0.8154999999999859,0.8156999999999925,0.8152999999999793,0.22881407369724832,0.9975791306325706
Video_063_CTRL1_5V,919,blur,0.8,0.3856999999999857,0.4245999999999981,0.3468000000000302,0.39850000000001273,0.39690000000001646,0.40019999999992706,0.11383828766561947,0.9993941693688843
Video_063_CTRL1_5V,919,franja,0.8,0.7941000000000145,0.835899999999981,0.7522999999999911,0.8154999999999859,0.8156999999999925,0.8152999999999793,0.2288369065194122,0.9975795178723265
Video_063_CTRL1_5V,919,rigido,0.9,0.7905999999999835,0.8754999999999882,0.705600000000004,0.8589999999999804,0.9276000000000408,0.7904999999999518,0.257386459889352,0.996946185099612
Video_063_CTRL1_5V,919,blur,0.9,0.46129999999999427,0.524599999999964,0.39790000000004966,0.45400000000000773,0.45359999999999445,0.45439999999996417,0.12797571035889102,0.9992345011082668
Video_063_CTRL1_5V,919,franja,0.9,0.7896000000000072,0.8736999999999853,0.705600000000004,0.8589999999999804,0.9276000000000408,0.7904999999999518,0.25739132954937877,0.996946657811999
Video_063_CTRL1_5V,919,rigido,1.0,0.8949999999999818,0.9891000000000076,0.8010000000000446,0.9492000000000189,1.016900000000021,0.88149999999996,0.28584687722047547,0.9962454538853108
Video_063_CTRL1_5V,919,blur,1.0,0.5124999999999886,0.5808000000000106,0.44420000000002346,0.5049999999999955,0.5043000000000006,0.5056999999999334,0.14206645071783702,0.9990569736203473
Video_063_CTRL1_5V,919,franja,1.0,0.8949000000000069,0.9884999999999877,0.8012999999999693,0.9492000000000189,1.016900000000021,0.88149999999996,0.28583121261883293,0.9962460032998322
Video_063_CTRL1_5V,919,rigido,1.5,1.406000000000006,1.5523000000000025,1.2597000000000662,1.4388999999999896,1.5019000000000347,1.3759000000000015,0.4255721679036522,0.9917590172265801
Video_063_CTRL1_5V,919,blur,1.5,0.6831000000000245,0.884399999999971,0.4817000000000462,0.6750999999999863,0.7515000000000214,0.5986999999998943,0.21153263884797496,0.9979130274057332
Video_063_CTRL1_5V,919,franja,1.5,1.4064000000000192,1.5534000000000106,1.2594000000000278,1.4388999999999896,1.5019000000000347,1.3759000000000015,0.42549603994468005,0.991759846435291
Video_063_CTRL1_5V,919,rigido,2.0,1.9010999999999854,1.9979999999999905,1.804200000000037,1.928200000000004,1.974800000000016,1.88149999999996,0.7109675363706317,0.9871371323469814
Video_063_CTRL1_5V,919,blur,2.0,0.8906000000000063,1.1376999999999953,0.6435000000000173,0.9411999999999807,0.9929000000000201,0.8894999999999982,0.278944207592019,0.9963629850622864
Video_063_CTRL1_5V,919,franja,2.0,1.900199999999984,1.996499999999969,1.8038999999999987,1.928200000000004,1.974800000000016,1.88149999999996,0.7109202675629835,0.9871377503009104
Video_063_CTRL1_5V,919,rigido,3.0,2.8899000000000115,2.9864000000000033,2.7934999999999945,3.0604000000000156,2.997700000000009,3.1230999999999085,1.7101160807882014,0.9780296351098878
Video_063_CTRL1_5V,919,blur,3.0,1.3677999999999884,1.7443999999999846,0.991100000000074,1.4648000000000252,1.50060000000002,1.4288999999999987,0.40631156021622294,0.9921625213313897
Video_063_CTRL1_5V,919,franja,3.0,2.889499999999998,2.9857999999999834,2.79320000000007,3.0604000000000156,2.997700000000009,3.1230999999999085,1.7102845174964416,0.9780335019488051
Video_063_CTRL1_5V,919,rigido_entero,1.0,0.8949999999999818,0.9891000000000076,0.8010000000000446,0.9492000000000189,1.016900000000021,0.88149999999996,0.28584687722047547,0.9962454538853108
Video_063_CTRL1_5V,919,rigido_entero,2.0,1.9010999999999854,1.9979999999999905,1.804200000000037,1.928200000000004,1.974800000000016,1.88149999999996,0.7109675363706317,0.9871371323469814
Video_063_CTRL1_5V,919,rigido_entero,3.0,2.8899000000000115,2.9864000000000033,2.7934999999999945,3.0604000000000156,2.997700000000009,3.1230999999999085,1.7101160807882014,0.9780296351098878
Video_063_CTRL1_5V,1488,rigido,0.1,0.11920000000003483,0.11939999999998463,0.11889999999993961,0.06880000000001019,0.09409999999996899,0.043400000000019645,0.02831206234819291,0.9999625545222227
Video_063_CTRL1_5V,1488,blur,0.1,0.06369999999998299,0.0543999999999869,0.07299999999997908,0.04529999999999745,0.04539999999997235,0.04529999999999745,0.014154532575779371,0.9999906405125315
Video_063_CTRL1_5V,1488,franja,0.1,0.11920000000003483,0.11939999999998463,0.11889999999993961,0.06880000000001019,0.09409999999996899,0.043400000000019645,0.028303993500486027,0.9999625618039548
Video_063_CTRL1_5V,1488,rigido,0.2,0.22050000000001546,0.23619999999999663,0.20479999999997744,0.161200000000008,0.18739999999996826,0.1350000000001046,0.05663683028342586,0.9998501017161188
Video_063_CTRL1_5V,1488,blur,0.2,0.11979999999999791,0.12330000000002883,0.11619999999993524,0.09359999999998081,0.0947999999999638,0.0925000000000864,0.028305706947908845,0.9999625500201038
Video_063_CTRL1_5V,1488,franja,0.2,0.22039999999998372,0.23599999999999,0.20479999999997744,0.161200000000008,0.18739999999996826,0.1350000000001046,0.05662539812586112,0.9998501329368029
Video_063_CTRL1_5V,1488,rigido,0.3,0.3272999999999797,0.3557999999999879,0.2989000000000033,0.2839999999999918,0.2908999999999651,0.27720000000010714,0.08498733751696812,0.9996624471797683
Video_063_CTRL1_5V,1488,blur,0.3,0.17000000000001592,0.181699999999978,0.15839999999991505,0.11430000000001428,0.14049999999997453,0.08810000000005402,0.042452331552063204,0.9999157072595045
Video_063_CTRL1_5V,1488,franja,0.3,0.3264000000000351,0.3539000000000101,0.29899999999997817,0.2839999999999918,0.2908999999999651,0.27720000000010714,0.08497509817330494,0.9996625232046628
Video_063_CTRL1_5V,1488,rigido,0.4,0.4188000000000329,0.46399999999999864,0.37360000000001037,0.410699999999963,0.3965999999999781,0.4249000000000933,0.11336873077636588,0.9993995574851918
Video_063_CTRL1_5V,1488,blur,0.4,0.2207000000000221,0.24310000000002674,0.19819999999992888,0.18110000000001492,0.18950000000000955,0.17260000000010223,0.056592020577930814,0.9998501066794437
Video_063_CTRL1_5V,1488,franja,0.4,0.4177999999999997,0.4619999999999891,0.37369999999998527,0.410699999999963,0.3965999999999781,0.4249000000000933,0.11335636030156943,0.9993997032025232
Video_063_CTRL1_5V,1488,rigido,0.5,0.523399999999981,0.5681000000000154,0.47870000000000346,0.5340999999999667,0.5741999999999621,0.4940000000000282,0.1417783128863544,0.9990617353897043
Video_063_CTRL1_5V,1488,blur,0.5,0.26609999999999445,0.28940000000000055,0.24279999999998836,0.23050000000000637,0.23969999999997071,0.22140000000001692,0.07072120864292547,0.999765779698107
Video_063_CTRL1_5V,1488,franja,0.5,0.5228999999999928,0.5668999999999755,0.47899999999992815,0.5340999999999667,0.5741999999999621,0.4940000000000282,0.14176484715567444,0.9990619779167678
Video_063_CTRL1_5V,1488,rigido,0.6,0.6329999999999814,0.6716999999999871,0.5942999999999756,0.6030000000000086,0.6069999999999709,0.5991000000000213,0.17020537418209425,0.9986497229182109
Video_063_CTRL1_5V,1488,blur,0.6,0.3299000000000092,0.36770000000001346,0.2921000000000049,0.2880999999999858,0.29189999999999827,0.2842000000000553,0.08483526906699454,0.9996628092322423
Video_063_CTRL1_5V,1488,franja,0.6,0.6320999999999799,0.6696000000000026,0.5945999999999003,0.6030000000000086,0.6069999999999709,0.5991000000000213,0.1701886755673152,0.9986500887432176
Video_063_CTRL1_5V,1488,rigido,0.7,0.7302999999999997,0.7490000000000236,0.7116999999999507,0.7077999999999633,0.714999999999975,0.7007000000000971,0.19863135621702632,0.9981647344215074
Video_063_CTRL1_5V,1488,blur,0.7,0.37330000000002883,0.4300999999999817,0.316599999999994,0.34159999999997126,0.3453000000000088,0.33790000000010423,0.0989285155706332,0.9995413386504001
Video_063_CTRL1_5V,1488,franja,0.7,0.7300999999999931,0.7481999999999971,0.712099999999964,0.7077999999999633,0.714999999999975,0.7007000000000971,0.1986081840715435,0.9981652461893403
Video_063_CTRL1_5V,1488,rigido,0.8,0.8305000000000291,0.8367999999999824,0.8240999999999303,0.808400000000006,0.8155999999999608,0.801200000000108,0.22702929765878704,0.9976084199685575
Video_063_CTRL1_5V,1488,blur,0.8,0.42619999999999436,0.48860000000001946,0.36389999999994416,0.4492999999999938,0.4678000000000111,0.4308000000000902,0.11299405233217023,0.9994015778955317
Video_063_CTRL1_5V,1488,franja,0.8,0.8299000000000092,0.8365000000000009,0.8233999999999924,0.808400000000006,0.8155999999999608,0.801200000000108,0.22699576708370758,0.9976090933688292
Video_063_CTRL1_5V,1488,rigido,0.9,0.9300999999999817,0.9311000000000149,0.9290999999999485,0.9051999999999794,0.9096000000000117,0.9007000000000289,0.25536358557967376,0.996982767551041
Video_063_CTRL1_5V,1488,blur,0.9,0.4777000000000271,0.5464999999999804,0.4089999999999918,0.5004000000000133,0.518100000000004,0.48260000000004766,0.12702374158035484,0.9992438024419676
Video_063_CTRL1_5V,1488,franja,0.9,0.9155999999999835,0.9021000000000186,0.9290999999999485,0.9051999999999794,0.9096000000000117,0.9007000000000289,0.2553153733714211,0.9969836090684453
Video_063_CTRL1_5V,1488,rigido,1.0,1.0230000000000246,1.018199999999979,1.0276999999999816,0.9979000000000156,1.0,0.9958000000000311,0.28359000512794774,0.9962899173113596
Video_063_CTRL1_5V,1488,blur,1.0,0.5296000000000163,0.6014999999999873,0.4576999999999316,0.49860000000001037,0.5011000000000081,0.4960000000000946,0.14100863333933691,0.9990683447855023
Video_063_CTRL1_5V,1488,franja,1.0,1.0232000000000312,1.0187999999999988,1.0276000000000067,0.9979000000000156,1.0,0.9958000000000311,0.28352277040743984,0.99629092347877
Video_063_CTRL1_5V,1488,rigido,1.5,1.5255000000000223,1.572999999999979,1.477899999999977,1.5002999999999815,1.50649999999996,1.4940000000000282,0.4222515176008312,0.9918497618619302
Video_063_CTRL1_5V,1488,blur,1.5,0.7954000000000292,0.9057999999999993,0.6850999999999203,0.7806999999999675,0.8166999999999689,0.7447000000000799,0.20998764429644678,0.9979369545027722
Video_063_CTRL1_5V,1488,franja,1.5,1.5165000000000077,1.5552999999999884,1.4776999999999134,1.5002999999999815,1.50649999999996,1.4940000000000282,0.42208974163166135,0.9918515815236053
Video_063_CTRL1_5V,1488,rigido,2.0,2.018799999999999,2.009200000000021,2.0283999999999196,1.9979000000000156,2.0,1.995800000000031,0.6980551048069817,0.9871817929526788
Video_063_CTRL1_5V,1488,blur,2.0,1.045000000000016,1.2072000000000003,0.8828999999999496,1.026200000000017,0.9947999999999979,1.0576000000000931,0.2769968807421608,0.996402015089886
Video_063_CTRL1_5V,1488,franja,2.0,2.0178000000000225,2.0072000000000116,2.0282999999999447,1.9979000000000156,2.0,1.995800000000031,0.6970416092572,0.9871810911236183
Video_063_CTRL1_5V,1488,rigido,3.0,3.017600000000016,3.0043000000000006,3.0307999999999993,2.990700000000004,2.9962999999999624,2.9850000000000136,1.6975187229576623,0.9780755350345214
Video_063_CTRL1_5V,1488,blur,3.0,1.51460000000003,1.8371999999999957,1.1920000000000073,1.5307999999999993,1.4769000000000005,1.584600000000023,0.4038440035945972,0.9922337523658998
Video_063_CTRL1_5V,1488,franja,3.0,3.0178999999999974,3.004700000000014,3.031099999999924,2.990700000000004,2.9962999999999624,2.9850000000000136,1.6945922236598103,0.978059215935779
Video_063_CTRL1_5V,1488,rigido_entero,1.0,1.0230000000000246,1.018199999999979,1.0276999999999816,0.9979000000000156,1.0,0.9958000000000311,0.28359000512794774,0.9962899173113596
Video_063_CTRL1_5V,1488,rigido_entero,2.0,2.018799999999999,2.009200000000021,2.0283999999999196,1.9979000000000156,2.0,1.995800000000031,0.6980551048069817,0.9871817929526788
Video_063_CTRL1_5V,1488,rigido_entero,3.0,3.017600000000016,3.0043000000000006,3.0307999999999993,2.990700000000004,2.9962999999999624,2.9850000000000136,1.6975187229576623,0.9780755350345214
Video_063_CTRL1_5V,1817,rigido,0.1,0.095799999999997,0.10319999999995844,0.08830000000000382,0.09380000000004429,0.09669999999999845,0.09100000000000819,0.028018947715403683,0.9999630814452589
Video_063_CTRL1_5V,1817,blur,0.1,0.045099999999990814,0.048599999999964894,0.04149999999992815,0.04650000000003729,0.048800000000028376,0.0443000000000211,0.01400769019212422,0.9999907728280203
Video_063_CTRL1_5V,1817,franja,0.1,0.095799999999997,0.10319999999995844,0.08830000000000382,0.09380000000004429,0.09669999999999845,0.09100000000000819,0.027978151693069362,0.9999630848419049
Video_063_CTRL1_5V,1817,rigido,0.2,0.18559999999996535,0.19509999999996808,0.17610000000001946,0.18980000000004793,0.19549999999998136,0.18410000000005766,0.05605435465621894,0.9998521694436652
Video_063_CTRL1_5V,1817,blur,0.2,0.09569999999996526,0.10349999999999682,0.08789999999999054,0.09400000000005093,0.09739999999999327,0.0905999999999949,0.02801382821385239,0.9999630732711906
Video_063_CTRL1_5V,1817,franja,0.2,0.1856999999999971,0.19540000000000646,0.17599999999993088,0.18980000000004793,0.19549999999998136,0.18410000000005766,0.05597625687558624,0.9998521841782678
Video_063_CTRL1_5V,1817,rigido,0.3,0.31049999999999045,0.3088999999999942,0.3120000000000118,0.26930000000004384,0.29599999999999227,0.24260000000003856,0.08411823508851354,0.9996669837388629
Video_063_CTRL1_5V,1817,blur,0.3,0.1439999999999486,0.15870000000001028,0.1293999999999187,0.14020000000004984,0.14359999999999218,0.13679999999999382,0.04201684956510908,0.9999168674321236
Video_063_CTRL1_5V,1817,franja,0.3,0.31059999999996535,0.30879999999996244,0.3125,0.26930000000004384,0.29599999999999227,0.24260000000003856,0.08400652237722518,0.9996670199260076
Video_063_CTRL1_5V,1817,rigido,0.4,0.4019999999999868,0.417699999999968,0.38639999999998054,0.39690000000001646,0.39850000000001273,0.3953000000000202,0.11221477620981088,0.9994074000718175
Video_063_CTRL1_5V,1817,blur,0.4,0.18659999999999854,0.202699999999993,0.17039999999997235,0.18950000000000955,0.1938000000000102,0.1853000000000975,0.05601436031247946,0.999852134020772
Video_063_CTRL1_5V,1817,franja,0.4,0.40229999999996835,0.4177999999999997,0.3867999999999938,0.39690000000001646,0.39850000000001273,0.3953000000000202,0.11207333113777035,0.9994074698731015
Video_063_CTRL1_5V,1817,rigido,0.5,0.44139999999998736,0.4993000000000052,0.3834999999999127,0.4411000000000058,0.49900000000002365,0.3831000000000131,0.1403398443411326,0.9990736607621195
Video_063_CTRL1_5V,1817,blur,0.5,0.267599999999959,0.2769999999999868,0.2581000000000131,0.21900000000005093,0.24670000000003256,0.1913000000000693,0.07000278990473548,0.9997688888549447
Video_063_CTRL1_5V,1817,franja,0.5,0.45849999999995816,0.49809999999996535,0.41879999999991924,0.4411000000000058,0.49900000000002365,0.3831000000000131,0.1401724825142139,0.9990737775723293
Video_063_CTRL1_5V,1817,rigido,0.6,0.5935999999999808,0.5999999999999659,0.587099999999964,0.5657000000000494,0.6444999999999936,0.48700000000008004,0.1684810767571508,0.99866649579606
Video_063_CTRL1_5V,1817,blur,0.6,0.3131999999999948,0.3224999999999909,0.3038999999999987,0.2717000000000098,0.2998999999999796,0.24340000000006512,0.08397724147570572,0.9996672036885862
Video_063_CTRL1_5V,1817,franja,0.6,0.5936999999999557,0.6004999999999541,0.5867999999999256,0.5657000000000494,0.6444999999999936,0.48700000000008004,0.16829156771375398,0.9986666730431039
Video_063_CTRL1_5V,1817,rigido,0.7,0.6948999999999614,0.6929000000000087,0.6968999999999141,0.6402000000000498,0.6917000000000257,0.5887000000000171,0.1966178923396698,0.9981871632063305
Video_063_CTRL1_5V,1817,blur,0.7,0.35499999999996135,0.384399999999971,0.32569999999998345,0.347500000000025,0.3527000000000271,0.342200000000048,0.09793185346195125,0.9995472166935264
Video_063_CTRL1_5V,1817,franja,0.7,0.6948999999999614,0.6932999999999652,0.696399999999926,0.6402000000000498,0.6917000000000257,0.5887000000000171,0.19640963463687675,0.9981874129478971
Video_063_CTRL1_5V,1817,rigido,0.8,0.8073999999999728,0.8106999999999971,0.8040999999999485,0.7422000000000253,0.7959999999999923,0.68850000000009,0.22472081229380758,0.9976374080697983
Video_063_CTRL1_5V,1817,blur,0.8,0.4072999999999638,0.44139999999998736,0.3731999999999971,0.33840000000003556,0.39910000000003265,0.27760000000000673,0.11185945622288415,0.9994091379552564
Video_063_CTRL1_5V,1817,franja,0.8,0.8069999999999595,0.8097999999999956,0.8041999999999234,0.7422000000000253,0.7959999999999923,0.68850000000009,0.22449676653935208,0.9976377397850595
Video_063_CTRL1_5V,1817,rigido,0.9,0.9076999999999771,0.9105999999999881,0.9047999999999092,0.8275000000000432,0.893100000000004,0.7619000000000824,0.2527516176314389,0.9970193375615442
Video_063_CTRL1_5V,1817,blur,0.9,0.4090999999999667,0.47359999999997626,0.3446999999999889,0.38740000000001373,0.4410000000000309,0.33379999999999654,0.12575182282151964,0.9992532490883141
Video_063_CTRL1_5V,1817,franja,0.9,0.9075999999999453,0.9107999999999947,0.9042999999999211,0.8275000000000432,0.893100000000004,0.7619000000000824,0.2525142148296069,0.9970197573653747
Video_063_CTRL1_5V,1817,rigido,1.0,1.002999999999986,1.0024999999999977,1.0034999999999172,0.9283000000000357,1.0,0.8567000000000462,0.2806630817835468,0.9963352103806468
Video_063_CTRL1_5V,1817,blur,1.0,0.4627999999999588,0.5329999999999586,0.3926999999999907,0.44290000000000873,0.501700000000028,0.38420000000007803,0.13959948694815094,0.9990798956856013
Video_063_CTRL1_5V,1817,franja,1.0,1.0032999999999674,1.002999999999986,1.0036000000000058,0.9283000000000357,1.0,0.8567000000000462,0.28041386388224265,0.9963357207689821
Video_063_CTRL1_5V,1817,rigido,1.5,1.475499999999954,1.534599999999955,1.4162999999999784,1.4411000000000058,1.4990000000000236,1.383100000000013,0.41756651199778144,0.9919523926004334
Video_063_CTRL1_5V,1817,blur,1.5,0.7431999999999448,0.8251999999999953,0.661200000000008,0.6681000000000381,0.7332000000000107,0.6029000000000906,0.2078883897681688,0.9979624689970272
Video_063_CTRL1_5V,1817,franja,1.5,1.4589999999999463,1.5004999999999882,1.4175000000000182,1.4411000000000058,1.4990000000000236,1.383100000000013,0.41729478668684633,0.9919534547376729
Video_063_CTRL1_5V,1817,rigido,2.0,2.005299999999977,2.0068999999999733,2.0037999999999556,1.9254000000000246,2.0,1.8508000000000493,0.677699644933756,0.9872006114865167
Video_063_CTRL1_5V,1817,blur,2.0,1.0095999999999776,1.173599999999965,0.8455000000000155,0.9138000000000375,0.9671999999999912,0.860300000000052,0.2742263610211655,0.9964456435308046
Video_063_CTRL1_5V,1817,franja,2.0,2.0043999999999755,2.00630000000001,2.002599999999916,1.9254000000000246,2.0,1.8508000000000493,0.6762739441721064,0.987196914754157
Video_063_CTRL1_5V,1817,rigido,3.0,3.0424999999999613,3.0843999999999596,3.000499999999988,2.9186000000000263,2.9864000000000033,2.8508000000000493,1.6753966257461288,0.9780512029214362
Video_063_CTRL1_5V,1817,blur,3.0,1.5407999999999902,1.9990999999999985,1.0824999999999818,1.41640000000001,1.4524000000000115,1.3804000000000087,0.4001041501646403,0.9923152611422735
Video_063_CTRL1_5V,1817,franja,3.0,3.0422999999999547,3.0838999999999714,3.000699999999938,2.9186000000000263,2.9864000000000033,2.8508000000000493,1.6711629134544423,0.9780225496253161
Video_063_CTRL1_5V,1817,rigido_entero,1.0,1.002999999999986,1.0024999999999977,1.0034999999999172,0.9283000000000357,1.0,0.8567000000000462,0.2806630817835468,0.9963352103806468
Video_063_CTRL1_5V,1817,rigido_entero,2.0,2.005299999999977,2.0068999999999733,2.0037999999999556,1.9254000000000246,2.0,1.8508000000000493,0.677699644933756,0.9872006114865167
Video_063_CTRL1_5V,1817,rigido_entero,3.0,3.0424999999999613,3.0843999999999596,3.000499999999988,2.9186000000000263,2.9864000000000033,2.8508000000000493,1.6753966257461288,0.9780512029214362
Video_466_EXP5_FAPS4_40V,31,rigido,0.1,-0.197400000000016,-0.10120000000000573,-0.29359999999996944,0.09080000000000155,0.10049999999995407,0.08119999999996708,0.021225336946466635,0.9999757491930918
Video_466_EXP5_FAPS4_40V,31,blur,0.1,0.007799999999974716,0.09689999999994825,-0.08129999999994197,0.05119999999999436,0.05809999999996762,0.044399999999996,0.010610528290703969,0.9999939395514075
Video_466_EXP5_FAPS4_40V,31,franja,0.1,-0.197400000000016,-0.10120000000000573,-0.29359999999996944,0.09080000000000155,0.10049999999995407,0.08119999999996708,0.021185669859877417,0.9999757590920434
Video_466_EXP5_FAPS4_40V,31,rigido,0.2,0.026799999999980173,0.12599999999997635,-0.0724999999999909,0.18380000000001928,0.18500000000000227,0.18259999999997945,0.04246419108393826,0.9999028502572093
Video_466_EXP5_FAPS4_40V,31,blur,0.2,-0.20019999999999527,-0.10310000000004038,-0.29729999999995016,0.09100000000000819,0.09929999999997108,0.08280000000002019,0.02121850856130406,0.9999757424488969
Video_466_EXP5_FAPS4_40V,31,franja,0.2,0.026799999999980173,0.12599999999997635,-0.0724999999999909,0.18380000000001928,0.18500000000000227,0.18259999999997945,0.042378614906759614,0.9999028922462149
Video_466_EXP5_FAPS4_40V,31,rigido,0.3,0.17919999999998026,0.19549999999998136,0.16280000000006112,0.29189999999999827,0.29879999999997153,0.28489999999999327,0.06371594181459675,0.9997810529887594
Video_466_EXP5_FAPS4_40V,31,blur,0.3,-0.3172000000000139,-0.15910000000002356,-0.47519999999997253,0.14510000000001355,0.15760000000000218,0.13260000000002492,0.03181826188543042,0.9999453807814599
Video_466_EXP5_FAPS4_40V,31,franja,0.3,0.1605000000000132,0.17390000000000327,0.147199999999998,0.29189999999999827,0.29879999999997153,0.28489999999999327,0.06357721493708626,0.9997811538302286
Video_466_EXP5_FAPS4_40V,31,rigido,0.4,0.22530000000000427,0.20499999999998408,0.24559999999996762,0.38870000000002847,0.38639999999998054,0.3910999999999376,0.08497083648243386,0.9996103059656006
Video_466_EXP5_FAPS4_40V,31,blur,0.4,-0.012800000000027012,0.046499999999980446,-0.07209999999997763,0.18900000000002137,0.192799999999977,0.1852999999999838,0.04240292308635402,0.9999028465693836
Video_466_EXP5_FAPS4_40V,31,franja,0.4,0.26319999999998345,0.2817000000000007,0.24480000000005475,0.38870000000002847,0.38639999999998054,0.3910999999999376,0.08477073061709983,0.9996104968892714
Video_466_EXP5_FAPS4_40V,31,rigido,0.5,0.4819999999999709,0.4549999999999841,0.5090000000000146,0.49850000000003547,0.4923000000000002,0.5046999999999571,0.1062098477238885,0.9993909783195463
Video_466_EXP5_FAPS4_40V,31,blur,0.5,0.10129999999998063,0.27389999999996917,-0.07129999999995107,0.24740000000002738,0.25849999999996953,0.23640000000000327,0.05296428414354311,0.9998481771919273
Video_466_EXP5_FAPS4_40V,31,franja,0.5,0.472500000000025,0.4375,0.50750000000005,0.49850000000003547,0.4923000000000002,0.5046999999999571,0.10593926349285622,0.9993912936290947
Video_466_EXP5_FAPS4_40V,31,rigido,0.6,0.3883000000000152,0.3069999999999595,0.469600000000014,0.6027000000000271,0.5828999999999951,0.622600000000034,0.12740469273358834,0.9991239894594929
Video_466_EXP5_FAPS4_40V,31,blur,0.6,0.2119000000000142,0.25979999999998427,0.16390000000001237,0.29810000000003356,0.30589999999995143,0.290300000000002,0.06349265852935798,0.9997814758026872
Video_466_EXP5_FAPS4_40V,31,franja,0.6,0.42360000000002174,0.3821999999999548,0.46500000000003183,0.6027000000000271,0.5828999999999951,0.622600000000034,0.127053774120899,0.9991244641875012
Video_466_EXP5_FAPS4_40V,31,rigido,0.7,0.5285999999999831,0.4784999999999968,0.5786000000000513,0.7144000000000119,0.6931999999999903,0.7355999999999767,0.14851695972714665,0.9988108572217127
Video_466_EXP5_FAPS4_40V,31,blur,0.7,0.07709999999997308,0.12559999999996307,0.028599999999983083,0.34710000000001173,0.349899999999991,0.3442999999999756,0.07397742147872681,0.9997029209753511
Video_466_EXP5_FAPS4_40V,31,franja,0.7,0.6155999999999722,0.6493999999999573,0.5818000000000438,0.7144000000000119,0.6931999999999903,0.7355999999999767,0.14807520201679214,0.9988115245473068
Video_466_EXP5_FAPS4_40V,31,rigido,0.8,0.8079000000000178,0.8082999999999743,0.8075999999999794,0.8174999999999955,0.8012999999999693,0.8337000000000216,0.16949822040207435,0.9984536495479389
Video_466_EXP5_FAPS4_40V,31,blur,0.8,0.27319999999997435,0.3091000000000008,0.23739999999997963,0.39920000000000755,0.3950999999999567,0.4031999999999698,0.08440619552416351,0.9996127764725126
Video_466_EXP5_FAPS4_40V,31,franja,0.8,0.7420000000000186,0.8155999999999608,0.6684000000000196,0.8174999999999955,0.8012999999999693,0.8337000000000216,0.16895452610940717,0.9984545382518095
Video_466_EXP5_FAPS4_40V,31,rigido,0.9,0.9594999999999914,0.9695999999999572,0.9493999999999687,0.9120000000000346,0.9044999999999845,0.9194999999999709,0.1902893295099149,0.9980548486834411
Video_466_EXP5_FAPS4_40V,31,blur,0.9,0.3553999999999746,0.2552000000000021,0.4555000000000291,0.7347000000000321,0.4309999999999832,1.038499999999999,0.09476526625680048,0.9995113873627791
Video_466_EXP5_FAPS4_40V,31,franja,0.9,0.8840000000000146,0.9767999999999688,0.7912000000000035,0.9120000000000346,0.9044999999999845,0.9194999999999709,0.18963228606657695,0.9980559814091277
Video_466_EXP5_FAPS4_40V,31,rigido,1.0,0.9943000000000097,0.9543999999999642,1.0342000000000553,1.0,1.0,1.0,0.2108202369359851,0.9976171303761274
Video_466_EXP5_FAPS4_40V,31,blur,1.0,0.31270000000000664,0.28069999999996753,0.344600000000014,0.6344000000000278,0.47509999999999764,0.7938000000000329,0.1050396116890745,0.9993991733957169
Video_466_EXP5_FAPS4_40V,31,franja,1.0,0.9968999999999824,0.9599999999999795,1.0337000000000671,1.0,1.0,1.0,0.2100382889058045,0.9976185230219636
Video_466_EXP5_FAPS4_40V,31,rigido,1.5,1.4592999999999847,1.4111999999999512,1.50750000000005,1.4985000000000355,1.4923000000000002,1.504699999999957,0.3083510309728825,0.9948818690000703
Video_466_EXP5_FAPS4_40V,31,blur,1.5,0.5409000000000219,0.49759999999997717,0.5842999999999847,0.7660000000000196,0.7282999999999902,0.8036999999999352,0.1547326132584582,0.9986894901534155
Video_466_EXP5_FAPS4_40V,31,franja,1.5,1.4827000000000226,1.457899999999995,1.50750000000005,1.4985000000000355,1.4923000000000002,1.504699999999957,0.30681915652356234,0.9948848829588722
Video_466_EXP5_FAPS4_40V,31,rigido,2.0,2.015699999999981,1.9996999999999616,2.031600000000026,2.0,2.0,2.0,0.396083597225912,0.99130534563696
Video_466_EXP5_FAPS4_40V,31,blur,2.0,0.8593999999999937,0.9622999999999706,0.7565000000000737,1.15949999999998,0.9693999999999505,1.3496999999999844,0.2011535101933454,0.9977556199728161
Video_466_EXP5_FAPS4_40V,31,franja,2.0,2.014700000000005,1.9975000000000023,2.031900000000064,2.0,2.0,2.0,0.39387679586638,0.9913109708728733
Video_466_EXP5_FAPS4_40V,31,rigido,3.0,2.6994000000000256,3.004099999999994,2.394800000000032,3.0,3.0,3.0,0.7575400823377236,0.9829897768054395
Video_466_EXP5_FAPS4_40V,31,blur,3.0,1.1841999999999757,1.1970999999999776,1.1712999999999738,1.7801000000000045,1.45799999999997,2.1021999999999252,0.2832861308065279,0.9953376203490738
Video_466_EXP5_FAPS4_40V,31,franja,3.0,2.9698000000000206,3.0691999999999666,2.870400000000018,3.0,3.0,3.0,0.7390438266314721,0.9829531877293165
Video_466_EXP5_FAPS4_40V,31,rigido_entero,1.0,0.9943000000000097,0.9543999999999642,1.0342000000000553,1.0,1.0,1.0,0.2108202369359851,0.9976171303761274
Video_466_EXP5_FAPS4_40V,31,rigido_entero,2.0,2.015699999999981,1.9996999999999616,2.031600000000026,2.0,2.0,2.0,0.396083597225912,0.99130534563696
Video_466_EXP5_FAPS4_40V,31,rigido_entero,3.0,2.6994000000000256,3.004099999999994,2.394800000000032,3.0,3.0,3.0,0.7575400823377236,0.9829897768054395
Video_466_EXP5_FAPS4_40V,512,rigido,0.1,0.1219000000000392,0.08410000000003492,0.15970000000004347,0.08480000000002974,0.08690000000001419,0.0826999999999316,0.020783600911185595,0.9999765639689482
Video_466_EXP5_FAPS4_40V,512,blur,0.1,0.11570000000000391,0.10120000000000573,0.13020000000005894,0.04590000000001737,0.047400000000038744,0.044499999999970896,0.010390455123288374,0.9999941424686885
Video_466_EXP5_FAPS4_40V,512,franja,0.1,0.1219000000000392,0.08410000000003492,0.15970000000004347,0.08480000000002974,0.08690000000001419,0.0826999999999316,0.02078532494525785,0.9999765762799553
Video_466_EXP5_FAPS4_40V,512,rigido,0.2,0.20230000000003656,0.164100000000019,0.24049999999999727,0.19640000000003965,0.19940000000002556,0.1935999999999467,0.04157108260309622,0.9999061638003482
Video_466_EXP5_FAPS4_40V,512,blur,0.2,0.12290000000001555,0.08520000000004302,0.16070000000001983,0.08719999999999573,0.08720000000005257,0.08730000000002747,0.0207766521653973,0.9999765607227536
Video_466_EXP5_FAPS4_40V,512,franja,0.2,0.2038000000000011,0.16830000000004475,0.23940000000004602,0.19640000000003965,0.19940000000002556,0.1935999999999467,0.04157215855572265,0.9999062163051049
Video_466_EXP5_FAPS4_40V,512,rigido,0.3,0.5155000000000314,0.25270000000000437,0.7783000000000584,0.3971000000000231,0.25610000000000355,0.5381999999999607,0.06235978803262034,0.9997886585689852
Video_466_EXP5_FAPS4_40V,512,blur,0.3,0.15180000000003702,0.10550000000000637,0.19820000000004256,0.15440000000000964,0.1664000000000101,0.14239999999995234,0.031153169223944392,0.9999472417279245
Video_466_EXP5_FAPS4_40V,512,franja,0.3,0.43640000000004875,0.19480000000004338,0.6779999999999973,0.3971000000000231,0.25610000000000355,0.5381999999999607,0.062355008764830806,0.9997887855277896
Video_466_EXP5_FAPS4_40V,512,rigido,0.4,0.31040000000001555,0.21390000000002374,0.407100000000014,0.4601999999999862,0.4244000000000483,0.4960999999999558,0.08314053355717226,0.9996240750204906
Video_466_EXP5_FAPS4_40V,512,blur,0.4,0.24150000000003047,0.16470000000003893,0.3183999999999969,0.1804000000000201,0.16440000000000055,0.19650000000001455,0.041513953668721876,0.9999061907517796
Video_466_EXP5_FAPS4_40V,512,franja,0.4,0.3160000000000309,0.22680000000002565,0.4053000000000111,0.4601999999999862,0.4244000000000483,0.4960999999999558,0.08312174580287561,0.9996243165158909
Video_466_EXP5_FAPS4_40V,512,rigido,0.5,0.6244000000000369,0.336400000000026,0.9125000000000227,0.6072000000000344,0.5,0.71449999999993,0.10389816977682285,0.9994127673853341
Video_466_EXP5_FAPS4_40V,512,blur,0.5,0.2458000000000311,0.21460000000001855,0.27710000000001855,0.5941000000000258,0.25720000000001164,0.9311000000000149,0.05185186786456998,0.9998534506599506
Video_466_EXP5_FAPS4_40V,512,franja,0.5,0.625,0.3358000000000061,0.9143000000000256,0.6072000000000344,0.5,0.71449999999993,0.10385355079128637,0.9994131664335872
Video_466_EXP5_FAPS4_40V,512,rigido,0.6,0.5306000000000495,0.43470000000002074,0.626700000000028,0.8288000000000011,0.6286000000000058,1.0289999999999964,0.12461067666341762,0.9991555149802913
Video_466_EXP5_FAPS4_40V,512,blur,0.6,0.4467999999999961,0.116800000000012,0.7768000000000939,0.6598999999999933,0.2625000000000455,1.0574000000000296,0.062159053377079714,0.9997891150720636
Video_466_EXP5_FAPS4_40V,512,franja,0.6,0.8602000000000203,0.6858000000000288,1.0347000000000435,0.8288000000000011,0.6286000000000058,1.0289999999999964,0.12452445534898456,0.9991561133855804
Video_466_EXP5_FAPS4_40V,512,rigido,0.7,0.6560000000000059,0.5427000000000248,0.7693000000000438,0.9053000000000111,0.6882000000000517,1.1223999999999705,0.1452494654613365,0.9988535503730703
Video_466_EXP5_FAPS4_40V,512,blur,0.7,0.24729999999999563,0.14460000000002537,0.3502000000000862,0.7309999999999945,0.30299999999999727,1.1589999999999918,0.07242646788395779,0.9997133395884528
Video_466_EXP5_FAPS4_40V,512,franja,0.7,0.6579000000000406,0.5448000000000093,0.7712000000000216,0.9053000000000111,0.6882000000000517,1.1223999999999705,0.14510152314577335,0.9988543842665616
Video_466_EXP5_FAPS4_40V,512,rigido,0.8,0.7786000000000399,0.6576000000000022,0.8997000000000526,0.9313999999999965,1.0433000000000447,0.8195999999999231,0.1657789025798172,0.99850852994869
Video_466_EXP5_FAPS4_40V,512,blur,0.8,0.5248000000000275,0.22530000000000427,0.8245000000000573,0.6132000000000062,0.3823000000000434,0.8442999999999756,0.08264439212593619,0.9996263418785944
Video_466_EXP5_FAPS4_40V,512,franja,0.8,0.7784000000000333,0.6587000000000103,0.8983000000000629,0.9313999999999965,1.0433000000000447,0.8195999999999231,0.1655441510760104,0.9985096258212688
Video_466_EXP5_FAPS4_40V,512,rigido,0.9,0.8677000000000135,0.7343000000000188,1.0012000000000398,0.9130999999999858,0.9103000000000065,0.91599999999994,0.18615611831081183,0.9981224330818248
Video_466_EXP5_FAPS4_40V,512,blur,0.9,0.36280000000004975,0.2803000000000111,0.4454000000000633,0.512800000000027,0.46570000000002665,0.5600999999999203,0.09280190946345013,0.9995284060127297
Video_466_EXP5_FAPS4_40V,512,franja,0.9,0.8676000000000386,0.7339000000000055,1.0014000000001033,0.9130999999999858,0.9103000000000065,0.91599999999994,0.18580418684986952,0.9981238056102318
Video_466_EXP5_FAPS4_40V,512,rigido,1.0,1.0314000000000192,0.9722000000000435,1.0908000000000584,1.0,1.0,1.0,0.20633045502754194,0.9976974068804132
Video_466_EXP5_FAPS4_40V,512,blur,1.0,0.6340000000000146,0.3561000000000263,0.9120000000000346,0.7223999999999933,0.5159000000000447,0.9288999999999987,0.1028872707383131,0.999419871907736
Video_466_EXP5_FAPS4_40V,512,franja,1.0,1.0293000000000347,0.9702000000000339,1.0886000000000422,1.0,1.0,1.0,0.20582529824061654,0.9976990592456549
Video_466_EXP5_FAPS4_40V,512,rigido,1.5,1.6243000000000052,1.3368000000000393,1.9119000000000597,1.6072000000000344,1.5,1.71449999999993,0.3031793933652236,0.9950228818641675
Video_466_EXP5_FAPS4_40V,512,blur,1.5,0.9510000000000218,0.5985000000000014,1.3035000000000991,0.9354999999999905,0.7692000000000121,1.1019999999999754,0.1519007441564989,0.9987296853443971
Video_466_EXP5_FAPS4_40V,512,franja,1.5,1.6265000000000214,1.3408000000000015,1.912300000000073,1.6072000000000344,1.5,1.71449999999993,0.3013916892698137,0.9950261788122523
Video_466_EXP5_FAPS4_40V,512,rigido,2.0,2.0277000000000385,1.9712000000000103,2.0843000000000984,2.0,2.0,2.0,0.391557183350288,0.9915083955248455
Video_466_EXP5_FAPS4_40V,512,blur,2.0,1.035600000000045,0.498800000000017,1.572400000000016,1.3915000000000077,1.061200000000042,1.721900000000005,0.19807103889012712,0.9978152300623021
Video_466_EXP5_FAPS4_40V,512,franja,2.0,1.9528000000000247,1.8211000000000013,2.084699999999998,2.0,2.0,2.0,0.3882938777014198,0.991514568050606
Video_466_EXP5_FAPS4_40V,512,rigido,3.0,2.960700000000031,2.837100000000021,3.0843000000000984,3.0,3.0,3.0,0.7343437150752116,0.9832291679766973
Video_466_EXP5_FAPS4_40V,512,blur,3.0,1.147199999999998,0.8425000000000296,1.4519999999999982,1.8272000000000048,1.4680000000000177,2.1865000000000236,0.2802982730587422,0.9954317414390014
Video_466_EXP5_FAPS4_40V,512,franja,3.0,2.954300000000046,2.8256000000000085,3.0831000000000586,3.0,3.0,3.0,0.7077774159216792,0.9831716499761375
Video_466_EXP5_FAPS4_40V,512,rigido_entero,1.0,1.0314000000000192,0.9722000000000435,1.0908000000000584,1.0,1.0,1.0,0.20633045502754194,0.9976974068804132
Video_466_EXP5_FAPS4_40V,512,rigido_entero,2.0,2.0277000000000385,1.9712000000000103,2.0843000000000984,2.0,2.0,2.0,0.391557183350288,0.9915083955248455
Video_466_EXP5_FAPS4_40V,512,rigido_entero,3.0,2.960700000000031,2.837100000000021,3.0843000000000984,3.0,3.0,3.0,0.7343437150752116,0.9832291679766973
Video_466_EXP5_FAPS4_40V,1092,rigido,0.1,-0.021099999999989905,-0.19599999999996953,0.15379999999993288,0.23050000000000637,0.091700000000003,0.369199999999978,0.020601240154090494,0.9999771805317489
Video_466_EXP5_FAPS4_40V,1092,blur,0.1,0.05299999999999727,0.05389999999999873,0.05200000000002092,0.18619999999998527,0.04699999999996862,0.32529999999997017,0.010296342127388511,0.9999942965135262
Video_466_EXP5_FAPS4_40V,1092,franja,0.1,-0.021099999999989905,-0.19599999999996953,0.15379999999993288,0.23050000000000637,0.091700000000003,0.369199999999978,0.020413003678713754,0.9999771933430268
Video_466_EXP5_FAPS4_40V,1092,rigido,0.2,0.22039999999998372,0.16980000000000928,0.27099999999995816,0.3213999999999828,0.17859999999996035,0.4640000000000555,0.04123702159097081,0.9999086312984163
Video_466_EXP5_FAPS4_40V,1092,blur,0.2,-0.021200000000021646,-0.19419999999996662,0.15179999999998017,0.23039999999997463,0.09089999999997644,0.36980000000005475,0.020598683972683933,0.9999771767514242
Video_466_EXP5_FAPS4_40V,1092,franja,0.2,0.22039999999998372,0.16980000000000928,0.27099999999995816,0.3213999999999828,0.17859999999996035,0.4640000000000555,0.040826962660671366,0.999908686986081
Video_466_EXP5_FAPS4_40V,1092,rigido,0.3,0.2837000000000103,0.26370000000002847,0.30369999999993524,0.4824999999999591,0.40269999999998163,0.5620999999999867,0.0618987318567454,0.9997942076243861
Video_466_EXP5_FAPS4_40V,1092,blur,0.3,0.19360000000000355,0.1301000000000272,0.25720000000001164,0.2767000000000053,0.1332999999999629,0.4199999999999591,0.03090070404197422,0.9999486256849387
Video_466_EXP5_FAPS4_40V,1092,franja,0.3,0.27899999999999636,0.25560000000001537,0.3022999999999456,0.4824999999999591,0.40269999999998163,0.5620999999999867,0.06123656019923027,0.9997943434974658
Video_466_EXP5_FAPS4_40V,1092,rigido,0.4,0.3351999999999862,0.21920000000000073,0.4512999999999465,0.527499999999975,0.402499999999975,0.6525000000000318,0.08257110995633654,0.9996339111927549
Video_466_EXP5_FAPS4_40V,1092,blur,0.4,0.07040000000000646,-0.12149999999996908,0.262299999999982,0.3232999999999606,0.18549999999999045,0.46100000000001273,0.041194995025144246,0.9999086440190944
Video_466_EXP5_FAPS4_40V,1092,franja,0.4,0.3424999999999727,0.23430000000001883,0.45079999999995835,0.527499999999975,0.402499999999975,0.6525000000000318,0.08163068095017023,0.999634170847676
Video_466_EXP5_FAPS4_40V,1092,rigido,0.5,0.5349999999999682,0.5371000000000095,0.5330000000000155,0.6304000000000087,0.5193999999999619,0.7413000000000238,0.10323180479471182,0.9994280364279534
Video_466_EXP5_FAPS4_40V,1092,blur,0.5,0.22309999999998809,0.2195000000000391,0.22659999999996217,0.3745999999999867,0.23219999999997754,0.5167999999999893,0.05147321594918672,0.999857265552104
Video_466_EXP5_FAPS4_40V,1092,franja,0.5,0.5439000000000078,0.5554000000000201,0.5322999999999638,0.6304000000000087,0.5193999999999619,0.7413000000000238,0.10199250052211925,0.9994284670566105
Video_466_EXP5_FAPS4_40V,1092,rigido,0.6,0.5994000000000028,0.5948000000000206,0.6038999999999533,0.7479999999999905,0.6569000000000074,0.8391000000000304,0.12385103534258629,0.9991772607371147
Video_466_EXP5_FAPS4_40V,1092,blur,0.6,0.21420000000000528,0.1301000000000272,0.2982999999999265,0.4725999999999999,0.3768999999999778,0.5680999999999585,0.06172613062809183,0.9997945694227892
Video_466_EXP5_FAPS4_40V,1092,franja,0.6,0.6059000000000196,0.6064000000000078,0.6053999999999178,0.7479999999999905,0.6569000000000074,0.8391000000000304,0.12229892262069765,0.9991779094121737
Video_466_EXP5_FAPS4_40V,1092,rigido,0.7,0.7097999999999729,0.686300000000017,0.7332999999999856,0.7950999999999908,0.7296999999999798,0.860300000000052,0.14439137855526127,0.9988826744344724
Video_466_EXP5_FAPS4_40V,1092,blur,0.7,0.27659999999997353,0.1541000000000281,0.3990999999999758,0.411200000000008,0.47460000000000946,0.34780000000000655,0.0719431881807927,0.9997206895261518
Video_466_EXP5_FAPS4_40V,1092,franja,0.7,0.7572999999999865,0.7888000000000375,0.7259000000000242,0.7950999999999908,0.7296999999999798,0.860300000000052,0.1425206277145084,0.9988835841532343
Video_466_EXP5_FAPS4_40V,1092,rigido,0.8,0.46659999999997126,0.08289999999999509,0.8501999999999725,0.9483999999999924,0.8293999999999642,1.0673000000000457,0.1648077624543034,0.9985457467865085
Video_466_EXP5_FAPS4_40V,1092,blur,0.8,0.29419999999998936,0.15300000000002,0.4353999999999587,0.5348999999999933,0.40999999999996817,0.6597000000000435,0.08211317581936298,0.9996358163815291
Video_466_EXP5_FAPS4_40V,1092,franja,0.8,0.46690000000000964,0.08400000000000318,0.8497999999999593,0.9483999999999924,0.8293999999999642,1.0673000000000457,0.16262200594633328,0.9985469526649239
Video_466_EXP5_FAPS4_40V,1092,rigido,0.9,0.8129999999999882,0.7085999999999899,0.9173999999999296,1.1773999999999774,0.9079999999999586,1.446800000000053,0.1850469208710592,0.9981682389010496
Video_466_EXP5_FAPS4_40V,1092,blur,0.9,0.3498000000000161,0.2115000000000009,0.4880999999999176,0.5435999999999694,0.4662999999999897,0.6207000000000562,0.0922233666016599,0.999540200249754
Video_466_EXP5_FAPS4_40V,1092,franja,0.9,0.8088999999999942,0.6989000000000374,0.9189999999999827,1.1773999999999774,0.9079999999999586,1.446800000000053,0.18256070501732996,0.9981697656869342
Video_466_EXP5_FAPS4_40V,1092,rigido,1.0,0.7065000000000055,0.39400000000000546,1.0188999999999169,1.1388999999999783,1.0,1.2776999999999816,0.2050474585271325,0.9977520550905628
Video_466_EXP5_FAPS4_40V,1092,blur,1.0,0.39179999999998927,0.2547999999999888,0.5287999999999329,0.6347000000000094,0.5197000000000003,0.7495999999999867,0.10226042430434099,0.999434139793562
Video_466_EXP5_FAPS4_40V,1092,franja,1.0,0.7088999999999714,0.3942000000000121,1.0235999999999876,1.1388999999999783,1.0,1.2776999999999816,0.20228776343693652,0.9977539163292587
Video_466_EXP5_FAPS4_40V,1092,rigido,1.5,1.504700000000014,1.4764000000000124,1.5328999999999269,1.6304000000000087,1.519399999999962,1.7413000000000238,0.30044746285936175,0.9951209528214129
Video_466_EXP5_FAPS4_40V,1092,blur,1.5,0.7233999999999696,0.6867000000000303,0.7600999999999658,0.9173000000000116,0.7638999999999783,1.070600000000013,0.1509815409208787,0.9987572839361545
Video_466_EXP5_FAPS4_40V,1092,franja,1.5,1.5353999999999814,1.536200000000008,1.5346999999999298,1.6304000000000087,1.519399999999962,1.7413000000000238,0.29690238066074753,0.9951247582993263
Video_466_EXP5_FAPS4_40V,1092,rigido,2.0,1.9377000000000066,1.8538000000000352,2.02170000000001,2.1388999999999783,2.0,2.2776999999999816,0.38751807802785065,0.9916371095147238
Video_466_EXP5_FAPS4_40V,1092,blur,2.0,0.807200000000023,0.7594000000000278,0.8550000000000182,1.278099999999995,1.0135999999999967,1.5424000000000433,0.1968474358120483,0.9978549607458373
Video_466_EXP5_FAPS4_40V,1092,franja,2.0,1.9372999999999934,1.8489999999999895,2.0255999999999403,2.1388999999999783,2.0,2.2776999999999816,0.38393743197637337,0.9916438642876638
Video_466_EXP5_FAPS4_40V,1092,rigido,3.0,2.9144000000000005,2.8052999999999884,3.0235000000000127,3.1388999999999783,3.0,3.2776999999999816,0.729566033114492,0.9833325747765719
Video_466_EXP5_FAPS4_40V,1092,blur,3.0,1.1544000000000096,1.015199999999993,1.2936999999999443,1.852199999999982,1.515800000000013,2.188600000000065,0.2794060236125068,0.995478254878492
Video_466_EXP5_FAPS4_40V,1092,franja,3.0,2.928299999999979,2.8057000000000016,3.050899999999956,3.1388999999999783,3.0,3.2776999999999816,0.7000417776525594,0.9832703456259217
Video_466_EXP5_FAPS4_40V,1092,rigido_entero,1.0,0.7065000000000055,0.39400000000000546,1.0188999999999169,1.1388999999999783,1.0,1.2776999999999816,0.2050474585271325,0.9977520550905628
Video_466_EXP5_FAPS4_40V,1092,rigido_entero,2.0,1.9377000000000066,1.8538000000000352,2.02170000000001,2.1388999999999783,2.0,2.2776999999999816,0.38751807802785065,0.9916371095147238
Video_466_EXP5_FAPS4_40V,1092,rigido_entero,3.0,2.9144000000000005,2.8052999999999884,3.0235000000000127,3.1388999999999783,3.0,3.2776999999999816,0.729566033114492,0.9833325747765719
Video_466_EXP5_FAPS4_40V,1620,rigido,0.1,0.29980000000000473,0.44299999999998363,0.15650000000005093,0.07880000000000109,0.07219999999995252,0.08550000000002456,0.021070921592396756,0.9999758927099638
Video_466_EXP5_FAPS4_40V,1620,blur,0.1,-0.3423999999999978,-0.023300000000006094,-0.6616999999999962,0.10520000000002483,0.03249999999997044,0.17809999999997217,0.010534568714513541,0.9999939756538114
Video_466_EXP5_FAPS4_40V,1620,franja,0.1,0.29980000000000473,0.44299999999998363,0.15650000000005093,0.07880000000000109,0.07219999999995252,0.08550000000002456,0.021100499837555766,0.9999759008214507
Video_466_EXP5_FAPS4_40V,1620,rigido,0.2,-0.008800000000007913,0.45839999999998327,-0.476099999999974,0.1278000000000361,0.12539999999995644,0.13030000000003383,0.04214486372569057,0.9999034025960669
Video_466_EXP5_FAPS4_40V,1620,blur,0.2,-0.2266999999999939,0.13279999999997472,-0.5861999999999625,0.07999999999998408,0.07469999999995025,0.08530000000007476,0.02106322644201421,0.9999758835540997
Video_466_EXP5_FAPS4_40V,1620,franja,0.2,-0.008800000000007913,0.45839999999998327,-0.476099999999974,0.1278000000000361,0.12539999999995644,0.13030000000003383,0.04220964951870521,0.9999034367748507
Video_466_EXP5_FAPS4_40V,1620,rigido,0.3,-0.013300000000015189,0.3675999999999817,-0.39440000000001874,0.2255999999999858,0.22249999999996817,0.22890000000006694,0.0632277565005445,0.9997822280666798
Video_466_EXP5_FAPS4_40V,1620,blur,0.3,0.22210000000001173,0.25729999999998654,0.18690000000003693,0.23310000000003583,0.14779999999996107,0.3184999999999718,0.03158248517927454,0.9999456873691985
Video_466_EXP5_FAPS4_40V,1620,franja,0.3,0.017499999999984084,0.4341999999999757,-0.3992999999999256,0.2255999999999858,0.22249999999996817,0.22890000000006694,0.06332695171542767,0.9997823094280558
Video_466_EXP5_FAPS4_40V,1620,rigido,0.4,0.061599999999998545,0.4544999999999959,-0.33140000000003056,0.28309999999999036,0.2261999999999489,0.34010000000000673,0.0843176355634473,0.9996122530101484
Video_466_EXP5_FAPS4_40V,1620,blur,0.4,-0.16079999999999472,0.15629999999998745,-0.4780999999999267,0.12690000000003465,0.1239999999999668,0.12980000000004566,0.042087715210364945,0.9999033676540491
Video_466_EXP5_FAPS4_40V,1620,franja,0.4,0.00929999999999609,0.3850999999999658,-0.3666999999999234,0.28309999999999036,0.2261999999999489,0.34010000000000673,0.08444321115729142,0.9996124054938019
Video_466_EXP5_FAPS4_40V,1620,rigido,0.5,0.1220000000000141,0.5476999999999634,-0.30369999999993524,0.397199999999998,0.34209999999995944,0.45240000000001146,0.10540424015438596,0.9993937864416251
Video_466_EXP5_FAPS4_40V,1620,blur,0.5,-0.10340000000002192,0.24320000000000164,-0.4501000000000204,0.17000000000001592,0.15969999999998663,0.18050000000005184,0.05257321588653359,0.9998489486503519
Video_466_EXP5_FAPS4_40V,1620,franja,0.5,0.11899999999997135,0.5409999999999968,-0.30299999999999727,0.397199999999998,0.34209999999995944,0.45240000000001146,0.1055399363270264,0.9993940356867188
Video_466_EXP5_FAPS4_40V,1620,rigido,0.6,0.3025000000000091,0.7779999999999632,-0.17309999999997672,0.5647000000000162,0.4434999999999718,0.6860000000000355,0.1264694335442648,0.9991276982373634
Video_466_EXP5_FAPS4_40V,1620,blur,0.6,0.004899999999963711,0.4128000000000043,-0.40300000000002,0.2266999999999939,0.2215999999999667,0.231899999999996,0.06303188717806259,0.9997825203001462
Video_466_EXP5_FAPS4_40V,1620,franja,0.6,0.15210000000001855,0.478999999999985,-0.17489999999997963,0.5647000000000162,0.4434999999999718,0.6860000000000355,0.12658966776510977,0.9991280700204352
Video_466_EXP5_FAPS4_40V,1620,rigido,0.7,0.32519999999999527,0.7554999999999836,-0.10509999999999309,0.6020000000000323,0.531599999999969,0.6725999999999885,0.14748617663834285,0.9988154713250933
Video_466_EXP5_FAPS4_40V,1620,blur,0.7,-0.011300000000005639,0.3480999999999881,-0.3708000000000311,0.28460000000001173,0.2798999999999978,0.28940000000000055,0.07345586642025564,0.9997042487327734
Video_466_EXP5_FAPS4_40V,1620,franja,0.7,0.23910000000000764,0.5890999999999735,-0.1110999999999649,0.6020000000000323,0.531599999999969,0.6725999999999885,0.14755505476605876,0.9988159901803244
Video_466_EXP5_FAPS4_40V,1620,rigido,0.8,0.40629999999998745,0.7255000000000109,0.08690000000001419,0.7608000000000175,0.7506999999999948,0.7710000000000719,0.16841888774642105,0.9984591475547926
Video_466_EXP5_FAPS4_40V,1620,blur,0.8,-0.021900000000016462,0.31529999999997926,-0.3591999999999871,0.33550000000002456,0.3248999999999569,0.34609999999997854,0.08383576225232611,0.9996143854145251
Video_466_EXP5_FAPS4_40V,1620,franja,0.8,0.4038999999999646,0.7203999999999837,0.08740000000000236,0.7608000000000175,0.7506999999999948,0.7710000000000719,0.168389041166784,0.9984598358803547
Video_466_EXP5_FAPS4_40V,1620,rigido,0.9,0.7162000000000148,0.7409000000000106,0.6914000000000442,0.8629999999999995,0.8074999999999477,0.9185999999999694,0.18922267067176354,0.9980611861778194
Video_466_EXP5_FAPS4_40V,1620,blur,0.9,-0.009799999999984266,0.31939999999997326,-0.3389999999999418,0.3480999999999881,0.2925999999999931,0.40380000000004657,0.0941609565276678,0.9995132661373429
Video_466_EXP5_FAPS4_40V,1620,franja,0.9,0.7237999999999829,0.740099999999984,0.7074999999999818,0.8629999999999995,0.8074999999999477,0.9185999999999694,0.18903426566939072,0.9980620645016512
Video_466_EXP5_FAPS4_40V,1620,rigido,1.0,1.0143999999999664,1.0260000000000105,1.0026000000000295,0.9644000000000119,0.9288999999999987,1.0,0.20984318727082785,0.9976242293354494
Video_466_EXP5_FAPS4_40V,1620,blur,1.0,0.11349999999998772,0.5138999999999783,-0.286899999999946,0.4548000000000343,0.32799999999997453,0.5817000000000689,0.10441982860623533,0.9994012986649121
Video_466_EXP5_FAPS4_40V,1620,franja,1.0,0.9882000000000062,1.0249000000000024,0.9514000000000351,0.9644000000000119,0.9288999999999987,1.0,0.20942275052344453,0.997625317927149
Video_466_EXP5_FAPS4_40V,1620,rigido,1.5,1.0389000000000124,1.3804000000000087,0.6973000000000411,1.3894999999999982,1.326599999999985,1.4524000000000115,0.3090248124462551,0.9948878259627153
Video_466_EXP5_FAPS4_40V,1620,blur,1.5,0.1834999999999809,0.52049999999997,-0.15350000000000819,0.6405000000000314,0.5652000000000044,0.7159000000000333,0.15436979450142016,0.9986920657334407
Video_466_EXP5_FAPS4_40V,1620,franja,1.5,0.9558999999999855,1.217899999999986,0.6938000000000102,1.3894999999999982,1.326599999999985,1.4524000000000115,0.3063630158826239,0.99489057386703
Video_466_EXP5_FAPS4_40V,1620,rigido,2.0,1.6329999999999814,1.9962999999999624,1.2695999999999685,1.926400000000001,1.852899999999977,2.0,0.39957798744674977,0.9912892660767907
Video_466_EXP5_FAPS4_40V,1620,blur,2.0,0.5294999999999845,0.9091999999999985,0.14970000000005257,0.9601999999999862,0.8239999999999554,1.0965999999999667,0.20150475335414836,0.9977555167962516
Video_466_EXP5_FAPS4_40V,1620,franja,2.0,1.6397000000000048,1.990199999999959,1.2892000000000507,1.926400000000001,1.852899999999977,2.0,0.3942110052301354,0.9912952099098818
Video_466_EXP5_FAPS4_40V,1620,rigido,3.0,2.5656000000000176,2.850399999999979,2.2807000000000244,2.9727000000000317,2.9455999999999563,3.0,0.804341762389674,0.9830066820409749
Video_466_EXP5_FAPS4_40V,1620,blur,3.0,1.1649999999999636,1.3232999999999606,1.0065000000000737,1.4279999999999973,1.379199999999969,1.4769999999999754,0.28541227486890175,0.9953141539997153
Video_466_EXP5_FAPS4_40V,1620,franja,3.0,2.5708000000000197,2.8490999999999644,2.2923000000000684,2.9727000000000317,2.9455999999999563,3.0,0.762272850065191,0.9829047580246956
Video_466_EXP5_FAPS4_40V,1620,rigido_entero,1.0,1.0143999999999664,1.0260000000000105,1.0026000000000295,0.9644000000000119,0.9288999999999987,1.0,0.20984318727082785,0.9976242293354494
Video_466_EXP5_FAPS4_40V,1620,rigido_entero,2.0,1.6329999999999814,1.9962999999999624,1.2695999999999685,1.926400000000001,1.852899999999977,2.0,0.39957798744674977,0.9912892660767907
Video_466_EXP5_FAPS4_40V,1620,rigido_entero,3.0,2.5656000000000176,2.850399999999979,2.2807000000000244,2.9727000000000317,2.9455999999999563,3.0,0.804341762389674,0.9830066820409749
Video_466_EXP5_FAPS4_40V,2045,rigido,0.1,0.005499999999983629,0.05529999999998836,-0.044399999999996,0.09239999999999782,0.08940000000001191,0.09540000000004056,0.021497282015462877,0.9999754004403605
Video_466_EXP5_FAPS4_40V,2045,blur,0.1,-0.02410000000003265,-0.10200000000003229,0.05370000000004893,0.0473999999999819,0.052399999999977354,0.04240000000004329,0.010746079010440463,0.9999938526532687
Video_466_EXP5_FAPS4_40V,2045,franja,0.1,0.005499999999983629,0.05529999999998836,-0.044399999999996,0.09239999999999782,0.08940000000001191,0.09540000000004056,0.021414187375944395,0.999975409626656
Video_466_EXP5_FAPS4_40V,2045,rigido,0.2,0.07830000000001291,0.137299999999982,0.019300000000043838,0.18719999999996162,0.183400000000006,0.19110000000000582,0.043014198632950584,0.9999014273223761
Video_466_EXP5_FAPS4_40V,2045,blur,0.2,-0.08120000000002392,-0.1260000000000332,-0.0362999999999829,0.09639999999996007,0.09329999999999927,0.09940000000005966,0.02149099807066624,0.9999753913379118
Video_466_EXP5_FAPS4_40V,2045,franja,0.2,0.07869999999996935,0.1379999999999768,0.019300000000043838,0.18719999999996162,0.183400000000006,0.19110000000000582,0.0428386892801421,0.9999014660765888
Video_466_EXP5_FAPS4_40V,2045,rigido,0.3,0.14389999999997372,0.20830000000000837,0.07950000000005275,0.29579999999998563,0.2943000000000211,0.29720000000008895,0.0645517110742265,0.9997777736517346
Video_466_EXP5_FAPS4_40V,2045,blur,0.3,-0.09629999999998518,-0.19080000000002428,-0.0016999999999143256,0.1408999999999878,0.13740000000001373,0.14430000000004384,0.03222938879562206,0.9999445799000817
Video_466_EXP5_FAPS4_40V,2045,franja,0.3,0.15300000000002,0.22919999999999163,0.07670000000007349,0.29579999999998563,0.2943000000000211,0.29720000000008895,0.0642737968402754,0.9997778662779068
Video_466_EXP5_FAPS4_40V,2045,rigido,0.4,0.22589999999996735,0.259399999999971,0.19249999999999545,0.4050999999999476,0.4116999999999962,0.39850000000001273,0.08610121696542529,0.9996043356612782
Video_466_EXP5_FAPS4_40V,2045,blur,0.4,0.07420000000001892,0.13259999999996808,0.0159000000001015,0.19219999999995707,0.18990000000002283,0.19460000000003674,0.042954288301303524,0.9999014012312568
Video_466_EXP5_FAPS4_40V,2045,franja,0.4,0.2097999999999729,0.2237999999999829,0.19570000000010168,0.4050999999999476,0.4116999999999962,0.39850000000001273,0.08571026693229013,0.999604510460748
Video_466_EXP5_FAPS4_40V,2045,rigido,0.5,0.38939999999996644,0.43909999999999627,0.33969999999999345,0.5173999999999523,0.5165000000000077,0.5184000000000424,0.10764414643781994,0.9993814624445619
Video_466_EXP5_FAPS4_40V,2045,blur,0.5,0.161200000000008,0.26600000000001955,0.056500000000028194,0.24169999999998026,0.23599999999999,0.24740000000008422,0.053657611498899166,0.9998458861426374
Video_466_EXP5_FAPS4_40V,2045,franja,0.5,0.4078000000000088,0.4733999999999696,0.342200000000048,0.5173999999999523,0.5165000000000077,0.5184000000000424,0.10712881880825995,0.9993817506515754
Video_466_EXP5_FAPS4_40V,2045,rigido,0.6,0.4662999999999897,0.5251999999999839,0.4074000000000524,0.6239999999999668,0.6173000000000002,0.6307000000000471,0.1291515010402988,0.9991101045101068
Video_466_EXP5_FAPS4_40V,2045,blur,0.6,0.16609999999997171,0.2447999999999979,0.08730000000002747,0.302599999999984,0.296100000000024,0.30910000000005766,0.06432969796332064,0.9997781342845047
Video_466_EXP5_FAPS4_40V,2045,franja,0.6,0.47579999999999245,0.5432999999999879,0.40840000000002874,0.6239999999999668,0.6173000000000002,0.6307000000000471,0.12849985668472855,0.9991105384890874
Video_466_EXP5_FAPS4_40V,2045,rigido,0.7,0.5980000000000132,0.6614999999999895,0.5344000000000051,0.7314999999999827,0.7175000000000296,0.7454000000000178,0.15058384779477105,0.9987918596470754
Video_466_EXP5_FAPS4_40V,2045,blur,0.7,0.15379999999998972,0.19020000000000437,0.11750000000006366,0.3480999999999881,0.34000000000003183,0.356200000000058,0.07495928551727886,0.9996983294364559
Video_466_EXP5_FAPS4_40V,2045,franja,0.7,0.6163999999999987,0.6916999999999689,0.5410000000000537,0.7314999999999827,0.7175000000000296,0.7454000000000178,0.14978345405847054,0.9987924708348923
Video_466_EXP5_FAPS4_40V,2045,rigido,0.8,0.6990999999999872,0.7253000000000043,0.6730000000000018,0.8304999999999723,0.8231000000000108,0.8380000000000791,0.17189046733931423,0.9984289263515285
Video_466_EXP5_FAPS4_40V,2045,blur,0.8,0.25200000000000955,0.2728999999999928,0.23099999999999454,0.4124999999999659,0.4067000000000007,0.41830000000004475,0.08553391089701286,0.9996067452544046
Video_466_EXP5_FAPS4_40V,2045,franja,0.8,0.7300999999999931,0.7806999999999675,0.6796000000000504,0.8304999999999723,0.8231000000000108,0.8380000000000791,0.170928452306654,0.9984297431826297
Video_466_EXP5_FAPS4_40V,2045,rigido,0.9,0.5921000000000163,0.38589999999999236,0.7983000000000402,0.9138999999999555,0.915300000000002,0.9125000000000227,0.19300914756763654,0.9980239504459484
Video_466_EXP5_FAPS4_40V,2045,blur,0.9,0.30869999999998754,0.3698999999999728,0.24750000000005912,0.4649000000000001,0.46100000000001273,0.46870000000001255,0.09603926957220715,0.9995037440681815
Video_466_EXP5_FAPS4_40V,2045,franja,0.9,0.5924999999999727,0.386099999999999,0.7988000000000284,0.9138999999999555,0.915300000000002,0.9125000000000227,0.19187231669527036,0.9980249968800502
Video_466_EXP5_FAPS4_40V,2045,rigido,1.0,0.6809999999999832,0.36000000000001364,1.0019000000000915,1.0,1.0,1.0,0.21386571963392398,0.9975797767981632
Video_466_EXP5_FAPS4_40V,2045,blur,1.0,0.37309999999996535,0.40739999999999554,0.3387000000000171,0.5158999999999878,0.5081000000000131,0.5237000000000762,0.10645989697158556,0.9993897675936895
Video_466_EXP5_FAPS4_40V,2045,franja,1.0,0.6315999999999917,0.33909999999997353,0.9241000000000668,1.0,1.0,1.0,0.21254084643561133,0.9975810719374263
Video_466_EXP5_FAPS4_40V,2045,rigido,1.5,1.110900000000015,0.9624000000000024,1.2595000000000027,1.5173999999999523,1.5165000000000077,1.5184000000000424,0.31293775335233576,0.9948074397472567
Video_466_EXP5_FAPS4_40V,2045,blur,1.5,0.6557999999999993,0.679300000000012,0.6323000000001002,0.7930999999999813,0.7674999999999841,0.8186000000000604,0.1568662483274716,0.9986696411326675
Video_466_EXP5_FAPS4_40V,2045,franja,1.5,1.1213000000000193,0.9755999999999858,1.2670000000000528,1.5173999999999523,1.5165000000000077,1.5184000000000424,0.3105094726735095,0.9948103545799407
Video_466_EXP5_FAPS4_40V,2045,rigido,2.0,1.9610000000000127,2.0149000000000115,1.907100000000014,2.0,2.0,2.0,0.40215524632436656,0.9911790278632306
Video_466_EXP5_FAPS4_40V,2045,blur,2.0,0.6637999999999806,0.4825999999999908,0.8451000000000022,1.0488999999999464,1.0078000000000316,1.0901000000000067,0.2039644045729945,0.9977225618521457
Video_466_EXP5_FAPS4_40V,2045,franja,2.0,1.957899999999995,2.0101999999999975,1.9057000000000244,2.0,2.0,2.0,0.398660106625578,0.9911845597354003
Video_466_EXP5_FAPS4_40V,2045,rigido,3.0,2.98539999999997,2.970799999999997,2.999900000000025,3.0,3.0,3.0,0.8130704232471121,0.9828903083015393
Video_466_EXP5_FAPS4_40V,2045,blur,3.0,1.1943999999999733,1.4898000000000025,0.898900000000026,1.6763999999999442,1.5914000000000215,1.7613000000000056,0.28736810483600794,0.995268353716502
Video_466_EXP5_FAPS4_40V,2045,franja,3.0,3.004099999999994,3.008100000000013,3.0001000000000886,3.0,3.0,3.0,0.7841016115027439,0.9828256629963819
Video_466_EXP5_FAPS4_40V,2045,rigido_entero,1.0,0.6809999999999832,0.36000000000001364,1.0019000000000915,1.0,1.0,1.0,0.21386571963392398,0.9975797767981632
Video_466_EXP5_FAPS4_40V,2045,rigido_entero,2.0,1.9610000000000127,2.0149000000000115,1.907100000000014,2.0,2.0,2.0,0.40215524632436656,0.9911790278632306
Video_466_EXP5_FAPS4_40V,2045,rigido_entero,3.0,2.98539999999997,2.970799999999997,2.999900000000025,3.0,3.0,3.0,0.8130704232471121,0.9828903083015393
