caso,variante,metodo,medido/verdadero (pendiente),error_medio_px,error_max_abs_px,error_medio_subpixel_px
Video_063_CTRL1_5V,blur,bordes_clahe,0.508,-0.447,1.632,-0.233
Video_063_CTRL1_5V,blur,bordes_crudo,0.504,-0.452,1.584,-0.236
Video_063_CTRL1_5V,blur,correlacion,0.137,-0.795,2.6,-0.429
Video_063_CTRL1_5V,franja,bordes_clahe,1.0,0.006,0.112,0.014
Video_063_CTRL1_5V,franja,bordes_crudo,1.001,0.007,0.183,0.016
Video_063_CTRL1_5V,franja,correlacion,0.43,-0.586,1.329,-0.358
Video_063_CTRL1_5V,rigido,bordes_clahe,1.001,0.007,0.11,0.013
Video_063_CTRL1_5V,rigido,bordes_crudo,1.001,0.007,0.183,0.016
Video_063_CTRL1_5V,rigido,correlacion,0.43,-0.586,1.325,-0.358
Video_063_CTRL1_5V,rigido_entero,bordes_clahe,0.999,-0.004,0.11,
Video_063_CTRL1_5V,rigido_entero,bordes_crudo,0.998,-0.011,0.104,
Video_063_CTRL1_5V,rigido_entero,correlacion,0.484,-1.107,1.325,
Video_466_EXP5_FAPS4_40V,blur,bordes_clahe,0.372,-0.623,1.853,-0.392
Video_466_EXP5_FAPS4_40V,blur,bordes_crudo,0.575,-0.384,1.572,-0.198
Video_466_EXP5_FAPS4_40V,blur,correlacion,0.099,-0.83,2.721,-0.448
Video_466_EXP5_FAPS4_40V,franja,bordes_clahe,0.924,-0.115,0.544,-0.111
Video_466_EXP5_FAPS4_40V,franja,bordes_crudo,1.019,0.032,0.277,0.037
Video_466_EXP5_FAPS4_40V,franja,correlacion,0.223,-0.724,2.3,-0.395
Video_466_EXP5_FAPS4_40V,rigido,bordes_clahe,0.916,-0.12,0.461,-0.114
Video_466_EXP5_FAPS4_40V,rigido,bordes_crudo,1.019,0.032,0.277,0.037
Video_466_EXP5_FAPS4_40V,rigido,correlacion,0.228,-0.721,2.27,-0.395
Video_466_EXP5_FAPS4_40V,rigido_entero,bordes_clahe,0.942,-0.125,0.434,
Video_466_EXP5_FAPS4_40V,rigido_entero,bordes_crudo,1.008,0.019,0.139,
Video_466_EXP5_FAPS4_40V,rigido_entero,correlacion,0.236,-1.543,2.27,
sintetico,analitico,bordes_clahe,0.971,-0.056,0.101,-0.063
sintetico,analitico,bordes_crudo,0.985,-0.033,0.064,-0.038
sintetico,analitico,correlacion,0.176,-0.758,2.479,-0.409
sintetico,rigido_interp,bordes_clahe,0.989,-0.017,0.045,-0.017
sintetico,rigido_interp,bordes_crudo,0.998,-0.005,0.034,-0.004
sintetico,rigido_interp,correlacion,0.175,-0.759,2.485,-0.409
