video,tanda,ols,ols_inversa,desvios,correlacion,ruido_c_px,ruido_dv_px,reportable,n_eventos,eventos,eventos_IQR
Video_prueba,?,0.9598247241513412,0.9668733387415213,0.9606484600229233,0.9962419139182982,0.0853977600000538,0.06473114924379443,True,29,0.9578232467686137,0.94-0.97
Video_063_CTRL1_5V,(CTRL1),0.9354420523638565,0.9851198428712227,0.9602471215838968,0.9741893230134978,0.024166380000001618,0.011141446958833411,True,6,0.9845935811089548,0.97-1.00
Video_268_EXP3_FAPS2_40V,EXP3,0.756380386220625,0.8678392856815973,0.8090423499860705,0.9331423042022381,0.04937057999999555,0.014946387611763007,True,6,0.8844544466033538,0.88-0.90
Video_466_EXP5_FAPS4_40V,EXP5,0.8470643191889574,0.919192617284981,0.8838510649334957,0.9589794236641913,0.18243393000000935,0.09675578692954508,True,5,0.8623488632094686,0.85-0.87
Video_583_EXP6_CTRL4_40V,EXP6,1.0031978463343625,1.0193681952445244,1.008501586982428,0.9918160933332513,0.07249914000000485,0.01826072303442584,True,6,0.9857282209377368,0.97-1.02
Video_491_EXP5_CTRL1_36HZ,EXP5,0.7502630136077525,0.8595787381970896,0.800059541406222,0.9344143213535392,0.06293637000004557,0.04005910577424823,True,2,0.863540193111685,0.86-0.87
Video_476,EXP5,0.8173804470553224,0.9963774317948512,0.8982916946376814,0.9069514222130681,0.11490150000014832,0.07111243384683802,True,6,0.9934940578581387,0.93-1.01
Video_613,EXP6,0.8970202089895154,1.0281739485038988,0.9603733748792069,0.9340499562762364,0.028614179999980716,0.021108314747704263,False,0,,
Video_068_hw30,?,0.9660068376748814,0.9788838168183004,0.9708903528927637,0.993378741297073,3.6692867399999867,3.5518038598138237,False,0,,
Video_304,EXP3,0.9254725579041315,0.9408489735025289,0.9316740968603974,0.9918357525956001,0.41497973999999677,0.37688340366749556,False,0,,
Video_341,EXP3,0.9186025752174709,0.9606315106754152,0.9337041651616496,0.9774796833352616,0.1025959199999505,0.05809439065955758,False,0,,
