corte,margen_s,video,roi,n_frames,hash_center_px,signo,n_eventos,conteo_reportable,k_usado,meseta_k_rango,ruido_canal_px,tiempos_s,amplitudes_px,amplitud_traslacion_px,amplitud_relativa_pct,hay_estimulacion,n_estimulados,periodo_s,periodo_err_s,ttp_s,rt50_s
,,Video_prueba,"[454, 1516, ""gauge_cintura"", 60]",2007,856f28bbf05ece29,1,29,True,9.415,5.315-15.163,0.0853977600000538,"[0.3383333333333334, 0.91, 1.471666666666667, 2.038333333333334, 2.605, 3.171666666666667, 3.736666666666667, 4.305000000000001, 4.871666666666667, 5.446666666666667, 5.971666666666667, 6.571666666666667, 7.28, 7.671666666666667, 8.283333333333333, 9.338333333333335, 9.938333333333334, 10.53833333333333, 11.67166666666667, 14.93833333333333, 15.27833333333333, 15.55, 15.83833333333333, 16.305, 24.93666666666667, 34.93666666666667, 44.94333333333334, 54.93666666666667, 64.94]","[2.0718500000000404, 1.9110999999999763, 2.0831999999999766, 2.5183999999999855, 2.356300000000033, 1.922900000000027, 2.0430000000000064, 1.9534999999999627, 2.0976, 2.0937000000000126, 2.081199999999967, 2.3781000000000176, 2.1236000000000104, 2.0389999999999873, 2.1304999999999836, 2.008200000000045, 2.2040999999999826, 2.337699999999984, 2.003600000000006, 6.9938999999999965, 1.6627000000000294, 1.886000000000024, 1.6911000000000058, 1.3000000000000114, 7.032300000000021, 6.870100000000036, 6.675000000000011, 6.6129999999999995, 6.744799999999998]",2.0937000000000126,2.314266731457109,True,6.0,10.00043,0.0023,,
,,Video_063_CTRL1_5V,"[875, 1039, ""gauge_plana"", 54]",1848,0dc6bec671acb24e,1,6,True,11.392,9.415-13.785,0.024166380000001618,"[0.3083333333333333, 11.91166666666667, 21.91, 31.91, 41.90833333333334, 51.90833333333334]","[0.3624500000000239, 1.644399999999962, 1.5914999999999964, 1.6422000000000025, 1.4761000000000308, 1.5880999999999972]",1.5897999999999968,0.5638313916458219,True,5.0,9.99812,0.00304,,
,,Video_268_EXP3_FAPS2_40V,"[918, 1328, ""gauge_cintura"", 60]",2283,a92fdb034f9d3e03,1,6,True,12.532,5.846-24.421,0.04937057999999555,"[12.66666666666667, 22.665, 32.665, 42.66500000000001, 52.66666666666667, 62.66500000000001]","[1.442799999999977, 1.6235000000000355, 1.563000000000045, 1.621499999999969, 1.5306999999999675, 1.512299999999982]",1.5468500000000063,0.5749451235599781,True,6.0,10.00132,0.0023,,
,,Video_466_EXP5_FAPS4_40V,"[696, 846, ""gauge_cintura"", 50]",2076,f98130f089d7f4de,1,5,True,11.392,6.431-20.182,0.18243393000000935,"[14.24333333333333, 24.32, 34.27666666666667, 44.34333333333333, 54.27666666666667]","[3.8736999999999853, 4.669500000000028, 4.358199999999954, 4.285599999999988, 4.631599999999992]",4.358199999999954,2.164354196058181,True,5.0,10.00184,0.00542,0.25498901098900717,0.19203693931397936
,,Video_583_EXP6_CTRL4_40V,"[718, 1187, ""gauge_cintura"", 60]",2236,adb97d3dfa0cde26,1,6,True,16.68,12.532-24.421,0.07249914000000485,"[11.22, 21.28666666666667, 31.28833333333333, 41.25333333333334, 51.25666666666667, 61.25333333333334]","[3.0726999999999407, 3.1544000000000096, 3.1277000000000044, 3.1182000000000016, 2.925799999999981, 3.019999999999982]",3.095449999999971,1.3095242752743577,True,6.0,10.00024,0.0023,0.2578112034419462,0.18102789816328269
,,Video_491_EXP5_CTRL1_36HZ,"[459, 1206, ""gauge_cintura"", 60]",1846,5d5cf09491e3fb4f,-1,2,True,10.357,7.781-13.785,0.06797720999996008,"[13.01333333333333, 33.96333333333334]","[0.9731000000000449, 1.057299999999941]",1.015199999999993,0.39745558032238837,False,,,,0.5698358797361323,0.4665204478323792
,,Video_476,"[981, 1249, ""gauge_cintura"", 60]",2165,4ea7ae7b0d981694,1,6,True,9.415,7.074-12.532,0.11490150000014832,"[11.32333333333333, 21.40166666666667, 31.35666666666667, 41.39, 51.35833333333333, 61.35666666666667]","[1.7071999999999434, 1.7409999999999854, 1.5511999999999944, 1.6744999999999663, 1.661899999999946, 1.7332999999999856]",1.690849999999955,0.6441694421001479,True,6.0,10.00051,0.0026,,
4.0,0.3,Video_prueba,"[454, 1516, ""gauge_cintura"", 60]",2007,856f28bbf05ece29,1,29,True,10.357,5.846-16.68,0.07561260000006607,"[0.3383333333333334, 0.91, 1.471666666666667, 2.038333333333334, 2.605, 3.171666666666667, 3.736666666666667, 4.305000000000001, 4.871666666666667, 5.446666666666667, 5.971666666666667, 6.571666666666667, 7.28, 7.671666666666667, 8.283333333333333, 9.338333333333335, 9.938333333333334, 10.53833333333333, 11.67166666666667, 14.93833333333333, 15.27833333333333, 15.55, 15.83833333333333, 16.305, 24.93666666666667, 34.93666666666667, 44.94333333333334, 54.93666666666667, 64.94]","[2.0718500000000404, 1.9110999999999763, 2.0831999999999766, 2.5183999999999855, 2.356300000000033, 1.922900000000027, 2.0430000000000064, 1.9534999999999627, 2.0976, 2.0937000000000126, 2.081199999999967, 2.3781000000000176, 2.1236000000000104, 2.0389999999999873, 2.1304999999999836, 2.008200000000045, 2.2040999999999826, 2.337699999999984, 2.003600000000006, 6.9938999999999965, 1.6627000000000294, 1.886000000000024, 1.6911000000000058, 1.3000000000000114, 7.032300000000021, 6.870100000000036, 6.675000000000011, 6.6129999999999995, 6.744799999999998]",2.0937000000000126,2.314266731457109,True,6.0,10.00043,0.0023,,
4.0,0.3,Video_063_CTRL1_5V,"[875, 1039, ""gauge_plana"", 54]",1848,0dc6bec671acb24e,1,6,True,13.785,11.392-16.68,0.021645960000044363,"[0.3083333333333333, 11.91166666666667, 21.91, 31.91, 41.90833333333334, 51.90833333333334]","[0.3624500000000239, 1.644399999999962, 1.5914999999999964, 1.6422000000000025, 1.4761000000000308, 1.5880999999999972]",1.5897999999999968,0.5638313916458219,True,5.0,9.99812,0.00304,,
4.0,0.3,Video_268_EXP3_FAPS2_40V,"[918, 1328, ""gauge_cintura"", 60]",2283,a92fdb034f9d3e03,1,6,True,12.532,6.431-24.421,0.04425560999993109,"[12.66666666666667, 22.665, 32.665, 42.66500000000001, 52.66666666666667, 62.66500000000001]","[1.442799999999977, 1.6235000000000355, 1.563000000000045, 1.621499999999969, 1.5306999999999675, 1.512299999999982]",1.5468500000000063,0.5749451235599781,True,6.0,10.00132,0.0023,,
4.0,0.3,Video_466_EXP5_FAPS4_40V,"[696, 846, ""gauge_cintura"", 50]",2076,f98130f089d7f4de,1,5,True,12.532,7.074-22.201,0.16323426000006727,"[14.24333333333333, 24.32, 34.27666666666667, 44.34333333333333, 54.27666666666667]","[3.8736999999999853, 4.669500000000028, 4.358199999999954, 4.285599999999988, 4.631599999999992]",4.358199999999954,2.164354196058181,True,5.0,10.00184,0.00542,0.25498901098900717,0.19203693931397936
4.0,0.3,Video_583_EXP6_CTRL4_40V,"[718, 1187, ""gauge_cintura"", 60]",2236,adb97d3dfa0cde26,1,6,True,18.348,13.785-24.421,0.06301050000002696,"[11.22, 21.28666666666667, 31.28833333333333, 41.25333333333334, 51.25666666666667, 61.25333333333334]","[3.0726999999999407, 3.1544000000000096, 3.1277000000000044, 3.1182000000000016, 2.925799999999981, 3.019999999999982]",3.095449999999971,1.3095242752743577,True,6.0,10.00024,0.0023,0.2578112034419462,0.18102789816328269
4.0,0.3,Video_491_EXP5_CTRL1_36HZ,"[459, 1206, ""gauge_cintura"", 60]",1846,5d5cf09491e3fb4f,-1,2,True,11.392,8.559-15.163,0.06249158999998867,"[13.01333333333333, 33.96333333333334]","[0.9731000000000449, 1.057299999999941]",1.015199999999993,0.39745558032238837,False,,,,0.5698358797361323,0.4665204478323792
4.0,0.3,Video_476,"[981, 1249, ""gauge_cintura"", 60]",2165,4ea7ae7b0d981694,1,6,True,11.392,8.559-15.163,0.09570182999991127,"[11.32333333333333, 21.40166666666667, 31.35666666666667, 41.39, 51.35833333333333, 61.35666666666667]","[1.7071999999999434, 1.7409999999999854, 1.5511999999999944, 1.6744999999999663, 1.661899999999946, 1.7332999999999856]",1.690849999999955,0.6441694421001479,True,6.0,10.00051,0.0026,,
4.0,0.5,Video_prueba,"[454, 1516, ""gauge_cintura"", 60]",2007,856f28bbf05ece29,1,29,True,11.392,7.074-18.348,0.06478962000004389,"[0.3383333333333334, 0.91, 1.471666666666667, 2.038333333333334, 2.605, 3.171666666666667, 3.736666666666667, 4.305000000000001, 4.871666666666667, 5.446666666666667, 5.971666666666667, 6.571666666666667, 7.28, 7.671666666666667, 8.283333333333333, 9.338333333333335, 9.938333333333334, 10.53833333333333, 11.67166666666667, 14.93833333333333, 15.27833333333333, 15.55, 15.83833333333333, 16.305, 24.93666666666667, 34.93666666666667, 44.94333333333334, 54.93666666666667, 64.94]","[2.0718500000000404, 1.9110999999999763, 2.0831999999999766, 2.5183999999999855, 2.356300000000033, 1.922900000000027, 2.0430000000000064, 1.9534999999999627, 2.0976, 2.0937000000000126, 2.081199999999967, 2.3781000000000176, 2.1236000000000104, 2.0389999999999873, 2.1304999999999836, 2.008200000000045, 2.2040999999999826, 2.337699999999984, 2.003600000000006, 6.9938999999999965, 1.6627000000000294, 1.886000000000024, 1.6911000000000058, 1.3000000000000114, 7.032300000000021, 6.870100000000036, 6.675000000000011, 6.6129999999999995, 6.744799999999998]",2.0937000000000126,2.314266731457109,True,6.0,10.00043,0.0023,,
4.0,0.5,Video_063_CTRL1_5V,"[875, 1039, ""gauge_plana"", 54]",1848,0dc6bec671acb24e,1,6,True,13.785,11.392-16.68,0.021201179999987458,"[0.3083333333333333, 11.91166666666667, 21.91, 31.91, 41.90833333333334, 51.90833333333334]","[0.3624500000000239, 1.644399999999962, 1.5914999999999964, 1.6422000000000025, 1.4761000000000308, 1.5880999999999972]",1.5897999999999968,0.5638313916458219,True,5.0,9.99812,0.00304,,
4.0,0.5,Video_268_EXP3_FAPS2_40V,"[918, 1328, ""gauge_cintura"", 60]",2283,a92fdb034f9d3e03,1,6,True,12.532,6.431-24.421,0.04314366000004166,"[12.66666666666667, 22.665, 32.665, 42.66500000000001, 52.66666666666667, 62.66500000000001]","[1.442799999999977, 1.6235000000000355, 1.563000000000045, 1.621499999999969, 1.5306999999999675, 1.512299999999982]",1.5468500000000063,0.5749451235599781,True,6.0,10.00132,0.0023,,
4.0,0.5,Video_466_EXP5_FAPS4_40V,"[696, 846, ""gauge_cintura"", 50]",2076,f98130f089d7f4de,1,5,True,12.532,7.074-22.201,0.1676079299999807,"[14.24333333333333, 24.32, 34.27666666666667, 44.34333333333333, 54.27666666666667]","[3.8736999999999853, 4.669500000000028, 4.358199999999954, 4.285599999999988, 4.631599999999992]",4.358199999999954,2.164354196058181,True,5.0,10.00184,0.00542,0.25498901098900717,0.19203693931397936
4.0,0.5,Video_583_EXP6_CTRL4_40V,"[718, 1187, ""gauge_cintura"", 60]",2236,adb97d3dfa0cde26,1,6,True,18.348,13.785-24.421,0.06286224000006418,"[11.22, 21.28666666666667, 31.28833333333333, 41.25333333333334, 51.25666666666667, 61.25333333333334]","[3.0726999999999407, 3.1544000000000096, 3.1277000000000044, 3.1182000000000016, 2.925799999999981, 3.019999999999982]",3.095449999999971,1.3095242752743577,True,6.0,10.00024,0.0023,0.2578112034419462,0.18102789816328269
4.0,0.5,Video_491_EXP5_CTRL1_36HZ,"[459, 1206, ""gauge_cintura"", 60]",1846,5d5cf09491e3fb4f,-1,2,True,11.392,8.559-15.163,0.06256571999997006,"[13.01333333333333, 33.96333333333334]","[0.9731000000000449, 1.057299999999941]",1.015199999999993,0.39745558032238837,False,,,,0.5698358797361323,0.4665204478323792
4.0,0.5,Video_476,"[981, 1249, ""gauge_cintura"", 60]",2165,4ea7ae7b0d981694,1,6,True,11.392,8.559-15.163,0.09666552000000647,"[11.32333333333333, 21.40166666666667, 31.35666666666667, 41.39, 51.35833333333333, 61.35666666666667]","[1.7071999999999434, 1.7409999999999854, 1.5511999999999944, 1.6744999999999663, 1.661899999999946, 1.7332999999999856]",1.690849999999955,0.6441694421001479,True,6.0,10.00051,0.0026,,
4.0,1.0,Video_prueba,"[454, 1516, ""gauge_cintura"", 60]",2007,856f28bbf05ece29,1,29,True,12.532,7.074-20.182,0.06256572000005434,"[0.3383333333333334, 0.91, 1.471666666666667, 2.038333333333334, 2.605, 3.171666666666667, 3.736666666666667, 4.305000000000001, 4.871666666666667, 5.446666666666667, 5.971666666666667, 6.571666666666667, 7.28, 7.671666666666667, 8.283333333333333, 9.338333333333335, 9.938333333333334, 10.53833333333333, 11.67166666666667, 14.93833333333333, 15.27833333333333, 15.55, 15.83833333333333, 16.305, 24.93666666666667, 34.93666666666667, 44.94333333333334, 54.93666666666667, 64.94]","[2.0718500000000404, 1.9110999999999763, 2.0831999999999766, 2.5183999999999855, 2.356300000000033, 1.922900000000027, 2.0430000000000064, 1.9534999999999627, 2.0976, 2.0937000000000126, 2.081199999999967, 2.3781000000000176, 2.1236000000000104, 2.0389999999999873, 2.1304999999999836, 2.008200000000045, 2.2040999999999826, 2.337699999999984, 2.003600000000006, 6.9938999999999965, 1.6627000000000294, 1.886000000000024, 1.6911000000000058, 1.3000000000000114, 7.032300000000021, 6.870100000000036, 6.675000000000011, 6.6129999999999995, 6.744799999999998]",2.0937000000000126,2.314266731457109,True,6.0,10.00043,0.0023,,
4.0,1.0,Video_063_CTRL1_5V,"[875, 1039, ""gauge_plana"", 54]",1848,0dc6bec671acb24e,1,6,True,12.532,10.357-15.163,0.022757910000018068,"[0.3083333333333333, 11.91166666666667, 21.91, 31.91, 41.90833333333334, 51.90833333333334]","[0.3624500000000239, 1.644399999999962, 1.5914999999999964, 1.6422000000000025, 1.4761000000000308, 1.5880999999999972]",1.5897999999999968,0.5638313916458219,True,5.0,9.99812,0.00304,,
4.0,1.0,Video_268_EXP3_FAPS2_40V,"[918, 1328, ""gauge_cintura"", 60]",2283,a92fdb034f9d3e03,1,6,True,12.532,6.431-24.421,0.04358844000001429,"[12.66666666666667, 22.665, 32.665, 42.66500000000001, 52.66666666666667, 62.66500000000001]","[1.442799999999977, 1.6235000000000355, 1.563000000000045, 1.621499999999969, 1.5306999999999675, 1.512299999999982]",1.5468500000000063,0.5749451235599781,True,6.0,10.00132,0.0023,,
4.0,1.0,Video_466_EXP5_FAPS4_40V,"[696, 846, ""gauge_cintura"", 50]",2076,f98130f089d7f4de,1,5,True,12.532,7.074-22.201,0.1714626900000244,"[14.24333333333333, 24.32, 34.27666666666667, 44.34333333333333, 54.27666666666667]","[3.8736999999999853, 4.669500000000028, 4.358199999999954, 4.285599999999988, 4.631599999999992]",4.358199999999954,2.164354196058181,True,5.0,10.00184,0.00542,0.25498901098900717,0.19203693931397936
4.0,1.0,Video_583_EXP6_CTRL4_40V,"[718, 1187, ""gauge_cintura"", 60]",2236,adb97d3dfa0cde26,1,6,True,18.348,13.785-24.421,0.06063833999994822,"[11.22, 21.28666666666667, 31.28833333333333, 41.25333333333334, 51.25666666666667, 61.25333333333334]","[3.0726999999999407, 3.1544000000000096, 3.1277000000000044, 3.1182000000000016, 2.925799999999981, 3.019999999999982]",3.095449999999971,1.3095242752743577,True,6.0,10.00024,0.0023,0.2578112034419462,0.18102789816328269
4.0,1.0,Video_491_EXP5_CTRL1_36HZ,"[459, 1206, ""gauge_cintura"", 60]",1846,5d5cf09491e3fb4f,-1,2,True,11.392,8.559-15.163,0.06330702000003681,"[13.01333333333333, 33.96333333333334]","[0.9731000000000449, 1.057299999999941]",1.015199999999993,0.39745558032238837,False,,,,0.5698358797361323,0.4665204478323792
4.0,1.0,Video_476,"[981, 1249, ""gauge_cintura"", 60]",2165,4ea7ae7b0d981694,1,6,True,11.392,8.559-15.163,0.09384858000003937,"[11.32333333333333, 21.40166666666667, 31.35666666666667, 41.39, 51.35833333333333, 61.35666666666667]","[1.7071999999999434, 1.7409999999999854, 1.5511999999999944, 1.6744999999999663, 1.661899999999946, 1.7332999999999856]",1.690849999999955,0.6441694421001479,True,6.0,10.00051,0.0026,,
5.0,0.3,Video_prueba,"[454, 1516, ""gauge_cintura"", 60]",2007,856f28bbf05ece29,1,29,True,10.357,6.431-16.68,0.07138719000003114,"[0.3383333333333334, 0.91, 1.471666666666667, 2.038333333333334, 2.605, 3.171666666666667, 3.736666666666667, 4.305000000000001, 4.871666666666667, 5.446666666666667, 5.971666666666667, 6.571666666666667, 7.28, 7.671666666666667, 8.283333333333333, 9.338333333333335, 9.938333333333334, 10.53833333333333, 11.67166666666667, 14.93833333333333, 15.27833333333333, 15.55, 15.83833333333333, 16.305, 24.93666666666667, 34.93666666666667, 44.94333333333334, 54.93666666666667, 64.94]","[2.0718500000000404, 1.9110999999999763, 2.0831999999999766, 2.5183999999999855, 2.356300000000033, 1.922900000000027, 2.0430000000000064, 1.9534999999999627, 2.0976, 2.0937000000000126, 2.081199999999967, 2.3781000000000176, 2.1236000000000104, 2.0389999999999873, 2.1304999999999836, 2.008200000000045, 2.2040999999999826, 2.337699999999984, 2.003600000000006, 6.9938999999999965, 1.6627000000000294, 1.886000000000024, 1.6911000000000058, 1.3000000000000114, 7.032300000000021, 6.870100000000036, 6.675000000000011, 6.6129999999999995, 6.744799999999998]",2.0937000000000126,2.314266731457109,True,6.0,10.00043,0.0023,,
5.0,0.3,Video_063_CTRL1_5V,"[875, 1039, ""gauge_plana"", 54]",1848,0dc6bec671acb24e,1,6,True,12.532,10.357-15.163,0.022683779999994536,"[0.3083333333333333, 11.91166666666667, 21.91, 31.91, 41.90833333333334, 51.90833333333334]","[0.3624500000000239, 1.644399999999962, 1.5914999999999964, 1.6422000000000025, 1.4761000000000308, 1.5880999999999972]",1.5897999999999968,0.5638313916458219,True,5.0,9.99812,0.00304,,
5.0,0.3,Video_268_EXP3_FAPS2_40V,"[918, 1328, ""gauge_cintura"", 60]",2283,a92fdb034f9d3e03,1,6,True,12.532,6.431-24.421,0.04447799999995954,"[12.66666666666667, 22.665, 32.665, 42.66500000000001, 52.66666666666667, 62.66500000000001]","[1.442799999999977, 1.6235000000000355, 1.563000000000045, 1.621499999999969, 1.5306999999999675, 1.512299999999982]",1.5468500000000063,0.5749451235599781,True,6.0,10.00132,0.0023,,
5.0,0.3,Video_466_EXP5_FAPS4_40V,"[696, 846, ""gauge_cintura"", 50]",2076,f98130f089d7f4de,1,5,True,12.532,7.074-22.201,0.16612533000001578,"[14.24333333333333, 24.32, 34.27666666666667, 44.34333333333333, 54.27666666666667]","[3.8736999999999853, 4.669500000000028, 4.358199999999954, 4.285599999999988, 4.631599999999992]",4.358199999999954,2.164354196058181,True,5.0,10.00184,0.00542,0.25498901098900717,0.19203693931397936
5.0,0.3,Video_583_EXP6_CTRL4_40V,"[718, 1187, ""gauge_cintura"", 60]",2236,adb97d3dfa0cde26,1,6,True,18.348,13.785-24.421,0.06478961999991747,"[11.22, 21.28666666666667, 31.28833333333333, 41.25333333333334, 51.25666666666667, 61.25333333333334]","[3.0726999999999407, 3.1544000000000096, 3.1277000000000044, 3.1182000000000016, 2.925799999999981, 3.019999999999982]",3.095449999999971,1.3095242752743577,True,6.0,10.00024,0.0023,0.2578112034419462,0.18102789816328269
5.0,0.3,Video_491_EXP5_CTRL1_36HZ,"[459, 1206, ""gauge_cintura"", 60]",1846,5d5cf09491e3fb4f,-1,2,True,11.392,8.559-15.163,0.06286223999989562,"[13.01333333333333, 33.96333333333334]","[0.9731000000000449, 1.057299999999941]",1.015199999999993,0.39745558032238837,False,,,,0.5698358797361323,0.4665204478323792
5.0,0.3,Video_476,"[981, 1249, ""gauge_cintura"", 60]",2165,4ea7ae7b0d981694,1,6,True,10.357,7.781-13.785,0.10949000999998974,"[11.32333333333333, 21.40166666666667, 31.35666666666667, 41.39, 51.35833333333333, 61.35666666666667]","[1.7071999999999434, 1.7409999999999854, 1.5511999999999944, 1.6744999999999663, 1.661899999999946, 1.7332999999999856]",1.690849999999955,0.6441694421001479,True,6.0,10.00051,0.0026,,
5.0,0.5,Video_prueba,"[454, 1516, ""gauge_cintura"", 60]",2007,856f28bbf05ece29,1,29,True,12.532,7.781-20.182,0.06241746000000728,"[0.3383333333333334, 0.91, 1.471666666666667, 2.038333333333334, 2.605, 3.171666666666667, 3.736666666666667, 4.305000000000001, 4.871666666666667, 5.446666666666667, 5.971666666666667, 6.571666666666667, 7.28, 7.671666666666667, 8.283333333333333, 9.338333333333335, 9.938333333333334, 10.53833333333333, 11.67166666666667, 14.93833333333333, 15.27833333333333, 15.55, 15.83833333333333, 16.305, 24.93666666666667, 34.93666666666667, 44.94333333333334, 54.93666666666667, 64.94]","[2.0718500000000404, 1.9110999999999763, 2.0831999999999766, 2.5183999999999855, 2.356300000000033, 1.922900000000027, 2.0430000000000064, 1.9534999999999627, 2.0976, 2.0937000000000126, 2.081199999999967, 2.3781000000000176, 2.1236000000000104, 2.0389999999999873, 2.1304999999999836, 2.008200000000045, 2.2040999999999826, 2.337699999999984, 2.003600000000006, 6.9938999999999965, 1.6627000000000294, 1.886000000000024, 1.6911000000000058, 1.3000000000000114, 7.032300000000021, 6.870100000000036, 6.675000000000011, 6.6129999999999995, 6.744799999999998]",2.0937000000000126,2.314266731457109,True,6.0,10.00043,0.0023,,
5.0,0.5,Video_063_CTRL1_5V,"[875, 1039, ""gauge_plana"", 54]",1848,0dc6bec671acb24e,1,6,True,12.532,10.357-15.163,0.023128560000093577,"[0.3083333333333333, 11.91166666666667, 21.91, 31.91, 41.90833333333334, 51.90833333333334]","[0.3624500000000239, 1.644399999999962, 1.5914999999999964, 1.6422000000000025, 1.4761000000000308, 1.5880999999999972]",1.5897999999999968,0.5638313916458219,True,5.0,9.99812,0.00304,,
5.0,0.5,Video_268_EXP3_FAPS2_40V,"[918, 1328, ""gauge_cintura"", 60]",2283,a92fdb034f9d3e03,1,6,True,12.532,6.431-24.421,0.043366050000027974,"[12.66666666666667, 22.665, 32.665, 42.66500000000001, 52.66666666666667, 62.66500000000001]","[1.442799999999977, 1.6235000000000355, 1.563000000000045, 1.621499999999969, 1.5306999999999675, 1.512299999999982]",1.5468500000000063,0.5749451235599781,True,6.0,10.00132,0.0023,,
5.0,0.5,Video_466_EXP5_FAPS4_40V,"[696, 846, ""gauge_cintura"", 50]",2076,f98130f089d7f4de,1,5,True,12.532,7.074-22.201,0.16764499500001354,"[14.24333333333333, 24.32, 34.27666666666667, 44.34333333333333, 54.27666666666667]","[3.8736999999999853, 4.669500000000028, 4.358199999999954, 4.285599999999988, 4.631599999999992]",4.358199999999954,2.164354196058181,True,5.0,10.00184,0.00542,0.25498901098900717,0.19203693931397936
5.0,0.5,Video_583_EXP6_CTRL4_40V,"[718, 1187, ""gauge_cintura"", 60]",2236,adb97d3dfa0cde26,1,6,True,18.348,13.785-24.421,0.06434484000002912,"[11.22, 21.28666666666667, 31.28833333333333, 41.25333333333334, 51.25666666666667, 61.25333333333334]","[3.0726999999999407, 3.1544000000000096, 3.1277000000000044, 3.1182000000000016, 2.925799999999981, 3.019999999999982]",3.095449999999971,1.3095242752743577,True,6.0,10.00024,0.0023,0.2578112034419462,0.18102789816328269
5.0,0.5,Video_491_EXP5_CTRL1_36HZ,"[459, 1206, ""gauge_cintura"", 60]",1846,5d5cf09491e3fb4f,-1,2,True,11.392,8.559-15.163,0.06263984999995145,"[13.01333333333333, 33.96333333333334]","[0.9731000000000449, 1.057299999999941]",1.015199999999993,0.39745558032238837,False,,,,0.5698358797361323,0.4665204478323792
5.0,0.5,Video_476,"[981, 1249, ""gauge_cintura"", 60]",2165,4ea7ae7b0d981694,1,6,True,10.357,7.781-13.785,0.10956413999997114,"[11.32333333333333, 21.40166666666667, 31.35666666666667, 41.39, 51.35833333333333, 61.35666666666667]","[1.7071999999999434, 1.7409999999999854, 1.5511999999999944, 1.6744999999999663, 1.661899999999946, 1.7332999999999856]",1.690849999999955,0.6441694421001479,True,6.0,10.00051,0.0026,,
5.0,1.0,Video_prueba,"[454, 1516, ""gauge_cintura"", 60]",2007,856f28bbf05ece29,1,29,True,12.532,7.781-20.182,0.062269200000044496,"[0.3383333333333334, 0.91, 1.471666666666667, 2.038333333333334, 2.605, 3.171666666666667, 3.736666666666667, 4.305000000000001, 4.871666666666667, 5.446666666666667, 5.971666666666667, 6.571666666666667, 7.28, 7.671666666666667, 8.283333333333333, 9.338333333333335, 9.938333333333334, 10.53833333333333, 11.67166666666667, 14.93833333333333, 15.27833333333333, 15.55, 15.83833333333333, 16.305, 24.93666666666667, 34.93666666666667, 44.94333333333334, 54.93666666666667, 64.94]","[2.0718500000000404, 1.9110999999999763, 2.0831999999999766, 2.5183999999999855, 2.356300000000033, 1.922900000000027, 2.0430000000000064, 1.9534999999999627, 2.0976, 2.0937000000000126, 2.081199999999967, 2.3781000000000176, 2.1236000000000104, 2.0389999999999873, 2.1304999999999836, 2.008200000000045, 2.2040999999999826, 2.337699999999984, 2.003600000000006, 6.9938999999999965, 1.6627000000000294, 1.886000000000024, 1.6911000000000058, 1.3000000000000114, 7.032300000000021, 6.870100000000036, 6.675000000000011, 6.6129999999999995, 6.744799999999998]",2.0937000000000126,2.314266731457109,True,6.0,10.00043,0.0023,,
5.0,1.0,Video_063_CTRL1_5V,"[875, 1039, ""gauge_plana"", 54]",1848,0dc6bec671acb24e,1,6,True,11.392,9.415-13.785,0.024388770000030067,"[0.3083333333333333, 11.91166666666667, 21.91, 31.91, 41.90833333333334, 51.90833333333334]","[0.3624500000000239, 1.644399999999962, 1.5914999999999964, 1.6422000000000025, 1.4761000000000308, 1.5880999999999972]",1.5897999999999968,0.5638313916458219,True,5.0,9.99812,0.00304,,
5.0,1.0,Video_268_EXP3_FAPS2_40V,"[918, 1328, ""gauge_cintura"", 60]",2283,a92fdb034f9d3e03,1,6,True,12.532,6.431-24.421,0.0435143100000329,"[12.66666666666667, 22.665, 32.665, 42.66500000000001, 52.66666666666667, 62.66500000000001]","[1.442799999999977, 1.6235000000000355, 1.563000000000045, 1.621499999999969, 1.5306999999999675, 1.512299999999982]",1.5468500000000063,0.5749451235599781,True,6.0,10.00132,0.0023,,
5.0,1.0,Video_466_EXP5_FAPS4_40V,"[696, 846, ""gauge_cintura"", 50]",2076,f98130f089d7f4de,1,5,True,12.532,7.074-22.201,0.1692387899999927,"[14.24333333333333, 24.32, 34.27666666666667, 44.34333333333333, 54.27666666666667]","[3.8736999999999853, 4.669500000000028, 4.358199999999954, 4.285599999999988, 4.631599999999992]",4.358199999999954,2.164354196058181,True,5.0,10.00184,0.00542,0.25498901098900717,0.19203693931397936
5.0,1.0,Video_583_EXP6_CTRL4_40V,"[718, 1187, ""gauge_cintura"", 60]",2236,adb97d3dfa0cde26,1,6,True,18.348,13.785-24.421,0.06182441999998759,"[11.22, 21.28666666666667, 31.28833333333333, 41.25333333333334, 51.25666666666667, 61.25333333333334]","[3.0726999999999407, 3.1544000000000096, 3.1277000000000044, 3.1182000000000016, 2.925799999999981, 3.019999999999982]",3.095449999999971,1.3095242752743577,True,6.0,10.00024,0.0023,0.2578112034419462,0.18102789816328269
5.0,1.0,Video_491_EXP5_CTRL1_36HZ,"[459, 1206, ""gauge_cintura"", 60]",1846,5d5cf09491e3fb4f,-1,2,True,11.392,8.559-15.163,0.06330701999995253,"[13.01333333333333, 33.96333333333334]","[0.9731000000000449, 1.057299999999941]",1.015199999999993,0.39745558032238837,False,,,,0.5698358797361323,0.4665204478323792
5.0,1.0,Video_476,"[981, 1249, ""gauge_cintura"", 60]",2165,4ea7ae7b0d981694,1,6,True,10.357,7.781-13.785,0.10986065999998099,"[11.32333333333333, 21.40166666666667, 31.35666666666667, 41.39, 51.35833333333333, 61.35666666666667]","[1.7071999999999434, 1.7409999999999854, 1.5511999999999944, 1.6744999999999663, 1.661899999999946, 1.7332999999999856]",1.690849999999955,0.6441694421001479,True,6.0,10.00051,0.0026,,
6.0,0.3,Video_prueba,"[454, 1516, ""gauge_cintura"", 60]",2007,856f28bbf05ece29,1,29,True,11.392,6.431-18.348,0.07012698000001037,"[0.3383333333333334, 0.91, 1.471666666666667, 2.038333333333334, 2.605, 3.171666666666667, 3.736666666666667, 4.305000000000001, 4.871666666666667, 5.446666666666667, 5.971666666666667, 6.571666666666667, 7.28, 7.671666666666667, 8.283333333333333, 9.338333333333335, 9.938333333333334, 10.53833333333333, 11.67166666666667, 14.93833333333333, 15.27833333333333, 15.55, 15.83833333333333, 16.305, 24.93666666666667, 34.93666666666667, 44.94333333333334, 54.93666666666667, 64.94]","[2.0718500000000404, 1.9110999999999763, 2.0831999999999766, 2.5183999999999855, 2.356300000000033, 1.922900000000027, 2.0430000000000064, 1.9534999999999627, 2.0976, 2.0937000000000126, 2.081199999999967, 2.3781000000000176, 2.1236000000000104, 2.0389999999999873, 2.1304999999999836, 2.008200000000045, 2.2040999999999826, 2.337699999999984, 2.003600000000006, 6.9938999999999965, 1.6627000000000294, 1.886000000000024, 1.6911000000000058, 1.3000000000000114, 7.032300000000021, 6.870100000000036, 6.675000000000011, 6.6129999999999995, 6.744799999999998]",2.0937000000000126,2.314266731457109,True,6.0,10.00043,0.0023,,
6.0,0.3,Video_063_CTRL1_5V,"[875, 1039, ""gauge_plana"", 54]",1848,0dc6bec671acb24e,1,6,True,12.532,10.357-15.163,0.023202690000032833,"[0.3083333333333333, 11.91166666666667, 21.91, 31.91, 41.90833333333334, 51.90833333333334]","[0.3624500000000239, 1.644399999999962, 1.5914999999999964, 1.6422000000000025, 1.4761000000000308, 1.5880999999999972]",1.5897999999999968,0.5638313916458219,True,5.0,9.99812,0.00304,,
6.0,0.3,Video_268_EXP3_FAPS2_40V,"[918, 1328, ""gauge_cintura"", 60]",2283,a92fdb034f9d3e03,1,6,True,12.532,6.431-24.421,0.045219299999942016,"[12.66666666666667, 22.665, 32.665, 42.66500000000001, 52.66666666666667, 62.66500000000001]","[1.442799999999977, 1.6235000000000355, 1.563000000000045, 1.621499999999969, 1.5306999999999675, 1.512299999999982]",1.5468500000000063,0.5749451235599781,True,6.0,10.00132,0.0023,,
6.0,0.3,Video_466_EXP5_FAPS4_40V,"[696, 846, ""gauge_cintura"", 50]",2076,f98130f089d7f4de,1,5,True,12.532,7.074-22.201,0.16753379999999932,"[14.24333333333333, 24.32, 34.27666666666667, 44.34333333333333, 54.27666666666667]","[3.8736999999999853, 4.669500000000028, 4.358199999999954, 4.285599999999988, 4.631599999999992]",4.358199999999954,2.164354196058181,True,5.0,10.00184,0.00542,0.25498901098900717,0.19203693931397936
6.0,0.3,Video_583_EXP6_CTRL4_40V,"[718, 1187, ""gauge_cintura"", 60]",2236,adb97d3dfa0cde26,1,6,True,18.348,13.785-24.421,0.06508614000001159,"[11.22, 21.28666666666667, 31.28833333333333, 41.25333333333334, 51.25666666666667, 61.25333333333334]","[3.0726999999999407, 3.1544000000000096, 3.1277000000000044, 3.1182000000000016, 2.925799999999981, 3.019999999999982]",3.095449999999971,1.3095242752743577,True,6.0,10.00024,0.0023,0.2578112034419462,0.18102789816328269
6.0,0.3,Video_491_EXP5_CTRL1_36HZ,"[459, 1206, ""gauge_cintura"", 60]",1846,5d5cf09491e3fb4f,-1,2,True,11.392,8.559-15.163,0.06352940999998098,"[13.01333333333333, 33.96333333333334]","[0.9731000000000449, 1.057299999999941]",1.015199999999993,0.39745558032238837,False,,,,0.5698358797361323,0.4665204478323792
6.0,0.3,Video_476,"[981, 1249, ""gauge_cintura"", 60]",2165,4ea7ae7b0d981694,1,6,True,10.357,7.781-13.785,0.11178803999991854,"[11.32333333333333, 21.40166666666667, 31.35666666666667, 41.39, 51.35833333333333, 61.35666666666667]","[1.7071999999999434, 1.7409999999999854, 1.5511999999999944, 1.6744999999999663, 1.661899999999946, 1.7332999999999856]",1.690849999999955,0.6441694421001479,True,6.0,10.00051,0.0026,,
6.0,0.5,Video_prueba,"[454, 1516, ""gauge_cintura"", 60]",2007,856f28bbf05ece29,1,29,True,11.392,7.074-18.348,0.06493788000004881,"[0.3383333333333334, 0.91, 1.471666666666667, 2.038333333333334, 2.605, 3.171666666666667, 3.736666666666667, 4.305000000000001, 4.871666666666667, 5.446666666666667, 5.971666666666667, 6.571666666666667, 7.28, 7.671666666666667, 8.283333333333333, 9.338333333333335, 9.938333333333334, 10.53833333333333, 11.67166666666667, 14.93833333333333, 15.27833333333333, 15.55, 15.83833333333333, 16.305, 24.93666666666667, 34.93666666666667, 44.94333333333334, 54.93666666666667, 64.94]","[2.0718500000000404, 1.9110999999999763, 2.0831999999999766, 2.5183999999999855, 2.356300000000033, 1.922900000000027, 2.0430000000000064, 1.9534999999999627, 2.0976, 2.0937000000000126, 2.081199999999967, 2.3781000000000176, 2.1236000000000104, 2.0389999999999873, 2.1304999999999836, 2.008200000000045, 2.2040999999999826, 2.337699999999984, 2.003600000000006, 6.9938999999999965, 1.6627000000000294, 1.886000000000024, 1.6911000000000058, 1.3000000000000114, 7.032300000000021, 6.870100000000036, 6.675000000000011, 6.6129999999999995, 6.744799999999998]",2.0937000000000126,2.314266731457109,True,6.0,10.00043,0.0023,,
6.0,0.5,Video_063_CTRL1_5V,"[875, 1039, ""gauge_plana"", 54]",1848,0dc6bec671acb24e,1,6,True,12.532,10.357-15.163,0.02357333999998193,"[0.3083333333333333, 11.91166666666667, 21.91, 31.91, 41.90833333333334, 51.90833333333334]","[0.3624500000000239, 1.644399999999962, 1.5914999999999964, 1.6422000000000025, 1.4761000000000308, 1.5880999999999972]",1.5897999999999968,0.5638313916458219,True,5.0,9.99812,0.00304,,
6.0,0.5,Video_268_EXP3_FAPS2_40V,"[918, 1328, ""gauge_cintura"", 60]",2283,a92fdb034f9d3e03,1,6,True,12.532,6.431-24.421,0.043884960000024134,"[12.66666666666667, 22.665, 32.665, 42.66500000000001, 52.66666666666667, 62.66500000000001]","[1.442799999999977, 1.6235000000000355, 1.563000000000045, 1.621499999999969, 1.5306999999999675, 1.512299999999982]",1.5468500000000063,0.5749451235599781,True,6.0,10.00132,0.0023,,
6.0,0.5,Video_466_EXP5_FAPS4_40V,"[696, 846, ""gauge_cintura"", 50]",2076,f98130f089d7f4de,1,5,True,12.532,7.074-22.201,0.16834923000000532,"[14.24333333333333, 24.32, 34.27666666666667, 44.34333333333333, 54.27666666666667]","[3.8736999999999853, 4.669500000000028, 4.358199999999954, 4.285599999999988, 4.631599999999992]",4.358199999999954,2.164354196058181,True,5.0,10.00184,0.00542,0.25498901098900717,0.19203693931397936
6.0,0.5,Video_583_EXP6_CTRL4_40V,"[718, 1187, ""gauge_cintura"", 60]",2236,adb97d3dfa0cde26,1,6,True,18.348,13.785-24.421,0.06560504999996561,"[11.22, 21.28666666666667, 31.28833333333333, 41.25333333333334, 51.25666666666667, 61.25333333333334]","[3.0726999999999407, 3.1544000000000096, 3.1277000000000044, 3.1182000000000016, 2.925799999999981, 3.019999999999982]",3.095449999999971,1.3095242752743577,True,6.0,10.00024,0.0023,0.2578112034419462,0.18102789816328269
6.0,0.5,Video_491_EXP5_CTRL1_36HZ,"[459, 1206, ""gauge_cintura"", 60]",1846,5d5cf09491e3fb4f,-1,2,True,11.392,8.559-15.163,0.06345528000008387,"[13.01333333333333, 33.96333333333334]","[0.9731000000000449, 1.057299999999941]",1.015199999999993,0.39745558032238837,False,,,,0.5698358797361323,0.4665204478323792
6.0,0.5,Video_476,"[981, 1249, ""gauge_cintura"", 60]",2165,4ea7ae7b0d981694,1,6,True,10.357,7.781-13.785,0.11193629999988133,"[11.32333333333333, 21.40166666666667, 31.35666666666667, 41.39, 51.35833333333333, 61.35666666666667]","[1.7071999999999434, 1.7409999999999854, 1.5511999999999944, 1.6744999999999663, 1.661899999999946, 1.7332999999999856]",1.690849999999955,0.6441694421001479,True,6.0,10.00051,0.0026,,
6.0,1.0,Video_prueba,"[454, 1516, ""gauge_cintura"", 60]",2007,856f28bbf05ece29,1,29,True,12.532,7.074-20.182,0.06271398000001713,"[0.3383333333333334, 0.91, 1.471666666666667, 2.038333333333334, 2.605, 3.171666666666667, 3.736666666666667, 4.305000000000001, 4.871666666666667, 5.446666666666667, 5.971666666666667, 6.571666666666667, 7.28, 7.671666666666667, 8.283333333333333, 9.338333333333335, 9.938333333333334, 10.53833333333333, 11.67166666666667, 14.93833333333333, 15.27833333333333, 15.55, 15.83833333333333, 16.305, 24.93666666666667, 34.93666666666667, 44.94333333333334, 54.93666666666667, 64.94]","[2.0718500000000404, 1.9110999999999763, 2.0831999999999766, 2.5183999999999855, 2.356300000000033, 1.922900000000027, 2.0430000000000064, 1.9534999999999627, 2.0976, 2.0937000000000126, 2.081199999999967, 2.3781000000000176, 2.1236000000000104, 2.0389999999999873, 2.1304999999999836, 2.008200000000045, 2.2040999999999826, 2.337699999999984, 2.003600000000006, 6.9938999999999965, 1.6627000000000294, 1.886000000000024, 1.6911000000000058, 1.3000000000000114, 7.032300000000021, 6.870100000000036, 6.675000000000011, 6.6129999999999995, 6.744799999999998]",2.0937000000000126,2.314266731457109,True,6.0,10.00043,0.0023,,
6.0,1.0,Video_063_CTRL1_5V,"[875, 1039, ""gauge_plana"", 54]",1848,0dc6bec671acb24e,1,6,True,11.392,9.415-13.785,0.02431464000000654,"[0.3083333333333333, 11.91166666666667, 21.91, 31.91, 41.90833333333334, 51.90833333333334]","[0.3624500000000239, 1.644399999999962, 1.5914999999999964, 1.6422000000000025, 1.4761000000000308, 1.5880999999999972]",1.5897999999999968,0.5638313916458219,True,5.0,9.99812,0.00304,,
6.0,1.0,Video_268_EXP3_FAPS2_40V,"[918, 1328, ""gauge_cintura"", 60]",2283,a92fdb034f9d3e03,1,6,True,12.532,6.431-24.421,0.04462626000000661,"[12.66666666666667, 22.665, 32.665, 42.66500000000001, 52.66666666666667, 62.66500000000001]","[1.442799999999977, 1.6235000000000355, 1.563000000000045, 1.621499999999969, 1.5306999999999675, 1.512299999999982]",1.5468500000000063,0.5749451235599781,True,6.0,10.00132,0.0023,,
6.0,1.0,Video_466_EXP5_FAPS4_40V,"[696, 846, ""gauge_cintura"", 50]",2076,f98130f089d7f4de,1,5,True,12.532,7.074-22.201,0.16953531000004468,"[14.24333333333333, 24.32, 34.27666666666667, 44.34333333333333, 54.27666666666667]","[3.8736999999999853, 4.669500000000028, 4.358199999999954, 4.285599999999988, 4.631599999999992]",4.358199999999954,2.164354196058181,True,5.0,10.00184,0.00542,0.25498901098900717,0.19203693931397936
6.0,1.0,Video_583_EXP6_CTRL4_40V,"[718, 1187, ""gauge_cintura"", 60]",2236,adb97d3dfa0cde26,1,6,True,18.348,13.785-24.421,0.06286224000006418,"[11.22, 21.28666666666667, 31.28833333333333, 41.25333333333334, 51.25666666666667, 61.25333333333334]","[3.0726999999999407, 3.1544000000000096, 3.1277000000000044, 3.1182000000000016, 2.925799999999981, 3.019999999999982]",3.095449999999971,1.3095242752743577,True,6.0,10.00024,0.0023,0.2578112034419462,0.18102789816328269
6.0,1.0,Video_491_EXP5_CTRL1_36HZ,"[459, 1206, ""gauge_cintura"", 60]",1846,5d5cf09491e3fb4f,-1,2,True,11.392,8.559-15.163,0.06390005999997223,"[13.01333333333333, 33.96333333333334]","[0.9731000000000449, 1.057299999999941]",1.015199999999993,0.39745558032238837,False,,,,0.5698358797361323,0.4665204478323792
6.0,1.0,Video_476,"[981, 1249, ""gauge_cintura"", 60]",2165,4ea7ae7b0d981694,1,6,True,9.415,7.074-12.532,0.11260347000005097,"[11.32333333333333, 21.40166666666667, 31.35666666666667, 41.39, 51.35833333333333, 61.35666666666667]","[1.7071999999999434, 1.7409999999999854, 1.5511999999999944, 1.6744999999999663, 1.661899999999946, 1.7332999999999856]",1.690849999999955,0.6441694421001479,True,6.0,10.00051,0.0026,,
