video,dt_identicos_pct,dt_cv_pct,cintura_racha_px,cintura_cols_total,roi_ancho_px,nitidez_roi_mediana,nitidez_roi_p10
Video_prueba,36.989032901296106,40.27673878538176,1062,1062,1062,37.0,28.5
Video_063_CTRL1_5V,42.39306984298863,32.89666926019778,1033,1033,164,51.5,39.0
Video_268_EXP3_FAPS2_40V,44.21560035056968,45.20691656416202,410,731,410,32.5,23.5
Video_466_EXP5_FAPS4_40V,45.97590361445783,68.98517372336286,150,394,150,18.5,15.0
Video_583_EXP6_CTRL4_40V,35.43624161073826,43.5835608695903,469,469,469,26.5,22.5
Video_491_EXP5_CTRL1_36HZ,45.25745257452575,39.94989922076632,747,985,747,25.5,20.5
Video_476,50.36968576709797,44.44473503706276,268,768,268,18.0,13.0
Video_613,43.388429752066116,50.02860607538171,304,304,304,40.0,36.0
Video_068_hw30,44.951140065146575,47.1300271646691,666,777,151,45.5,39.5
Video_304,40.053763440860216,42.519237122299884,792,880,792,38.5,26.0
Video_341,36.73580786026201,35.593078286566985,519,542,519,32.0,19.5
