video,var,eventos,reportable,mismos_instantes,k,ruido,amp_%,estim,outlier_med,center_dif_max
Video_prueba,actual,29,True,True,9.415,0.0854,2.3142667314571086,6.0,0.0333,0.0
Video_prueba,k2,29,True,False,7.781,0.0989,2.2931294592773988,6.0,0.1167,0.2536
Video_prueba,k4,29,True,True,11.392,0.074,2.331939653747953,6.0,0.0083,0.1795
Video_prueba,trials1000,29,True,True,9.415,0.0854,2.3142667314571086,6.0,0.0333,0.0
Video_063_CT,actual,6,True,True,11.392,0.0242,0.5638313916458226,5.0,0.0648,0.0
Video_063_CT,k2,5,True,False,13.785,0.0523,0.5584963209845235,5.0,0.1342,0.2048
Video_063_CT,k4,6,True,True,13.785,0.0209,0.564092725742148,5.0,0.0463,0.1367
Video_063_CT,trials1000,6,True,True,11.392,0.0242,0.5638313916458226,5.0,0.0648,0.0
Video_268_EX,actual,6,True,True,12.532,0.0494,0.5749451235599778,6.0,0.0167,0.0
Video_268_EX,k2,6,True,True,11.392,0.066,0.5872427565763458,5.0,0.0667,0.3693
Video_268_EX,k4,6,True,True,11.392,0.0489,0.578557264973127,6.0,0.0,0.1194
Video_268_EX,trials1000,6,True,True,12.532,0.0494,0.5749451235599778,6.0,0.0167,0.0
Video_466_EX,actual,5,True,True,11.392,0.1824,2.1643541960581847,5.0,0.11,0.0
Video_466_EX,k2,5,True,False,10.357,0.1873,2.279551517684446,5.0,0.17,1.0559
Video_466_EX,k4,5,True,False,9.415,0.1941,2.107110691564977,5.0,0.07,0.8135
Video_466_EX,trials1000,5,True,True,11.392,0.1824,2.1643541960581847,5.0,0.11,0.0
Video_583_EX,actual,6,True,True,16.68,0.0725,1.3095242752743568,6.0,0.0417,0.0
Video_583_EX,k2,6,True,False,13.785,0.103,1.3204903243931652,6.0,0.0917,0.3174
Video_583_EX,k4,6,True,True,16.68,0.0657,1.3088815762418324,6.0,0.025,0.3692
Video_583_EX,trials1000,6,True,True,16.68,0.0725,1.3095242752743568,6.0,0.0417,0.0
Video_491_EX,actual,2,True,True,10.357,0.068,0.3974555803223887,,0.0417,0.0
Video_491_EX,k2,2,True,False,8.559,0.0948,0.41669282314465006,,0.1083,0.218
Video_491_EX,k4,2,True,True,10.357,0.0686,0.3848613353630549,,0.0167,0.2234
Video_491_EX,trials1000,2,True,True,10.357,0.068,0.3974555803223887,,0.0417,0.0
Video_476,actual,6,True,True,9.415,0.1149,0.6441694421001469,6.0,0.05,0.0
Video_476,k2,6,True,False,9.415,0.1327,0.672236558512546,6.0,0.1167,0.6174
Video_476,k4,6,True,False,10.357,0.1054,0.6665536049422953,6.0,0.0333,0.4376
Video_476,trials1000,6,True,True,9.415,0.1149,0.6441694421001469,6.0,0.05,0.0
Video_613,actual,24,False,True,8.559,0.0286,0.16119244203444158,4.0,0.0333,0.0
Video_613,k2,18,False,False,8.559,0.0334,0.18165406942508744,7.0,0.075,0.1723
Video_613,k4,30,False,False,8.559,0.0254,0.13976030287816424,7.0,0.0083,0.0958
Video_613,trials1000,24,False,True,8.559,0.0286,0.16119244203444158,4.0,0.0333,0.0
Video_068_hw,actual,0,False,True,8.559,3.6693,,,0.04,0.0
Video_068_hw,k2,0,False,True,8.559,3.6599,,,0.11,0.8762
Video_068_hw,k4,0,False,True,8.559,3.6607,,,0.01,0.6223
Video_068_hw,trials1000,0,False,True,8.559,3.6693,,,0.04,0.0
Video_304,actual,0,False,True,8.559,0.415,,,0.0167,0.0
Video_304,k2,0,False,True,8.559,0.4191,,,0.0833,0.2594
Video_304,k4,0,False,True,8.559,0.4107,,,0.0083,0.1457
Video_304,trials1000,0,False,True,8.559,0.415,,,0.0167,0.0
Video_341,actual,22,False,True,8.559,0.1026,0.3941682449860312,7.0,0.0417,0.0
Video_341,k2,16,False,False,8.559,0.1091,0.4023263044803701,7.0,0.1083,0.4436
Video_341,k4,0,False,False,8.559,0.1376,,,0.025,0.3356
Video_341,trials1000,22,False,True,8.559,0.1026,0.3941682449860312,7.0,0.0417,0.0
