video,op,guia,igual,eventos,k,amp_pct,T,ttp,rt50,dt_max,malos,n_camb,dif_med,outl,mejor_peor,nan_col,cerca,ruido,ruido_rep
Video_pru,a,max15,True,29->29,9.415->9.415,2.314->2.314,10.00043->10.00043,nan->nan,nan->nan,0.0,0.0->0.0%,0,0.0,-,-,0.00->0.00,0.00->0.00,0.0272->0.0272,0.0854->0.0854
Video_pru,b,max30,False,29->29,9.415->9.415,2.314->2.314,10.00043->10.00043,nan->nan,nan->nan,0.0,0.0->0.0%,17,0.03649999999998954,3.71->5.82,0/13,0.00->0.00,0.00->0.00,0.0272->0.0277,0.0854->0.0855
Video_pru,c,med15,False,29->29,9.415->9.415,2.314->2.314,10.00043->10.00043,nan->nan,nan->nan,0.0,0.0->0.0%,0,0.0,-,-,0.00->0.00,0.00->0.00,0.0272->0.0272,0.0854->0.0854
Video_063,a,max15,True,6->6,11.392->11.392,0.564->0.564,9.99812->9.99812,nan->nan,nan->nan,0.0,0.0->0.0%,0,0.0,-,-,0.99->0.99,0.03->0.03,0.0013->0.0013,0.0242->0.0242
Video_063,b,max30,False,6->6,11.392->12.532,0.564->0.563,9.99812->9.99987,nan->nan,nan->nan,0.0,0.0->0.0%,848,0.020899999999983265,8.44->6.64,719/85,0.99->0.00,0.03->0.00,0.0013->0.0010,0.0242->0.0221
Video_063,c,med15,False,6->6,11.392->12.532,0.564->0.564,9.99812->9.99899,nan->nan,nan->nan,0.0,0.0->0.0%,538,0.02240000000000464,8.36->7.32,340/136,0.99->0.69,0.03->0.88,0.0013->0.0012,0.0242->0.0225
Video_268,a,max15,True,6->6,12.532->12.532,0.575->0.575,10.00132->10.00132,nan->nan,nan->nan,0.0,0.0->0.0%,0,0.0,-,-,0.00->0.00,0.00->0.00,0.0031->0.0031,0.0494->0.0494
Video_268,b,max30,False,6->6,12.532->12.532,0.575->0.573,10.00132->10.00134,nan->nan,nan->nan,0.0,0.0->0.0%,144,0.011599999999987176,2.63->3.58,1/131,0.00->0.00,0.00->0.00,0.0031->0.0033,0.0494->0.0495
Video_268,c,med15,False,6->6,12.532->12.532,0.575->0.575,10.00132->10.00132,nan->nan,nan->nan,0.0,0.0->0.0%,0,0.0,-,-,0.00->0.00,0.00->0.00,0.0031->0.0031,0.0494->0.0494
Video_466,a,max15,True,5->5,11.392->11.392,2.164->2.164,10.00184->10.00184,0.2549890109890143->0.2549890109890143,0.19203693931398647->0.19203693931398647,0.0,0.0->0.0%,0,0.0,-,-,1.17->1.17,0.13->0.13,0.0483->0.0483,0.1824->0.1824
Video_466,b,max30,False,5->2,11.392->8.559,2.164->3.553,10.00184->None,0.2549890109890143->0.20648627443618928,0.19203693931398647->nan,10.033333333333333,0.0->0.0%,2076,5.053449999999998,10.50->7.83,1537/357,1.17->0.04,0.13->0.02,0.0483->0.1748,0.1824->0.7010
Video_466,c,med15,False,5->5,11.392->10.357,2.164->2.171,10.00184->10.00278,0.2549890109890143->0.28751634301095663,0.19203693931398647->nan,0.045000000000001705,0.0->0.0%,1864,0.09390000000001919,10.61->12.31,371/1308,1.17->3.43,0.13->0.16,0.0483->0.0463,0.1824->0.1913
Video_583,a,max15,True,6->6,16.68->16.68,1.31->1.31,10.00024->10.00024,0.2578112034419462->0.2578112034419462,0.18102789816328269->0.18102789816328269,0.0,0.0->0.0%,0,0.0,-,-,0.67->0.67,0.00->0.00,0.0203->0.0203,0.0725->0.0725
Video_583,b,max30,False,6->6,16.68->16.68,1.31->1.307,10.00024->10.00027,0.2578112034419462->0.2577999238344475,0.18102789816328269->0.17938278895370274,0.0,0.0->0.0%,969,0.03319999999996526,5.24->4.40,538/202,0.67->0.00,0.00->0.00,0.0203->0.0196,0.0725->0.0726
Video_583,c,med15,False,6->6,16.68->16.68,1.31->1.294,10.00024->10.00015,0.2578112034419462->0.25446384741272965,0.18102789816328269->0.1817795804643687,0.03499999999999659,0.0->0.0%,832,0.032450000000039836,5.38->4.26,551/122,0.67->0.06,0.00->0.00,0.0203->0.0185,0.0725->0.0713
Video_491,a,max15,True,2->2,10.357->10.357,0.397->0.397,None->None,0.569835879736134->0.569835879736134,0.46652044783237656->0.46652044783237656,0.0,0.0->0.0%,0,0.0,-,-,0.65->0.65,0.00->0.00,0.0123->0.0123,0.0680->0.0680
Video_491,b,max30,False,2->2,10.357->10.357,0.397->0.394,None->None,0.569835879736134->0.5702563579060165,0.46652044783237656->0.4670474243770748,0.0,0.0->0.0%,923,0.02290000000004966,5.19->5.65,215/504,0.65->0.01,0.00->0.00,0.0123->0.0122,0.0680->0.0696
Video_491,c,med15,False,2->2,10.357->10.357,0.397->0.409,None->None,0.569835879736134->0.7704073713674333,0.46652044783237656->0.4539094027441486,0.3999999999999986,0.0->0.0%,807,0.023800000000051114,5.14->5.41,230/332,0.65->0.40,0.00->0.32,0.0123->0.0122,0.0680->0.0678
Video_476,a,max15,True,6->6,9.415->9.415,0.644->0.644,10.00051->10.00051,nan->nan,nan->nan,0.0,0.0->0.0%,0,0.0,-,-,0.18->0.18,0.00->0.00,0.0307->0.0307,0.1149->0.1149
Video_476,b,max30,False,6->6,9.415->9.415,0.644->0.652,10.00051->10.0023,nan->nan,nan->nan,0.06666666666666288,0.0->0.0%,371,0.022199999999998,6.96->6.71,133/118,0.18->0.00,0.00->0.00,0.0307->0.0297,0.1149->0.1131
Video_476,c,med15,False,6->6,9.415->9.415,0.644->0.644,10.00051->10.00063,nan->nan,nan->nan,0.0,0.0->0.0%,214,0.024900000000002365,6.98->6.74,88/71,0.18->0.08,0.00->0.02,0.0307->0.0317,0.1149->0.1125
Video_613,a,max15,True,24NR->24NR,8.559->8.559,0.161->0.161,1.06694->1.06694,nan->nan,nan->nan,0.0,0.0->0.0%,0,0.0,-,-,0.01->0.01,0.00->0.00,0.0040->0.0040,0.0286->0.0286
Video_613,b,max30,False,24NR->24NR,8.559->8.559,0.161->0.161,1.06694->1.06694,nan->nan,nan->nan,0.0,0.0->0.0%,2,0.016799999999989268,3.50->4.00,0/1,0.01->0.00,0.00->0.00,0.0040->0.0042,0.0286->0.0286
Video_613,c,med15,False,24NR->24NR,8.559->8.559,0.161->0.161,1.06694->1.06694,nan->nan,nan->nan,0.0,0.0->0.0%,2,0.016799999999989268,3.50->4.00,0/1,0.01->0.00,0.00->0.00,0.0040->0.0042,0.0286->0.0286
Video_068,a,med15,False,0NR->0NR,8.559->8.559,None->None,None->None,None->None,None->None,,0.0->0.3%,25,0.04349999999999454,5.68->19.52,3/21,0.00->0.20,0.00->0.35,2.5785->2.5834,3.6693->3.6677
Video_068,b,max30,True,0NR->0NR,8.559->8.559,None->None,None->None,None->None,None->None,,0.0->0.0%,0,0.0,-,-,0.00->0.00,0.00->0.00,2.5785->2.5785,3.6693->3.6693
Video_068,c,med15,False,0NR->0NR,8.559->8.559,None->None,None->None,None->None,None->None,,0.0->0.3%,25,0.04349999999999454,5.68->19.52,3/21,0.00->0.20,0.00->0.35,2.5785->2.5834,3.6693->3.6677
Video_304,a,max15,False,0NR->0NR,8.559->8.559,None->None,None->None,None->None,None->None,,0.0->0.0%,579,0.02359999999998763,3.45->2.55,341/70,0.04->0.03,0.00->0.00,0.4301->0.4356,0.4076->0.4150
Video_304,b,max30,True,0NR->0NR,8.559->8.559,None->None,None->None,None->None,None->None,,0.0->0.0%,0,0.0,-,-,0.04->0.04,0.00->0.00,0.4301->0.4301,0.4076->0.4076
Video_304,c,med15,False,0NR->0NR,8.559->8.559,None->None,None->None,None->None,None->None,,0.0->0.0%,560,0.02364999999997508,3.49->2.57,327/57,0.04->0.01,0.00->0.00,0.4301->0.4360,0.4076->0.4153
Video_341,a,max15,False,22NR->16NR,8.559->8.559,0.394->0.412,0.8084->2.24127,nan->nan,nan->nan,7.664999999999999,0.0->0.0%,1037,0.022899999999992815,4.58->5.52,57/875,0.00->0.18,0.00->0.34,0.0104->0.0112,0.1026->0.1075
Video_341,b,max30,True,22NR->22NR,8.559->8.559,0.394->0.394,0.8084->0.8084,nan->nan,nan->nan,0.0,0.0->0.0%,0,0.0,-,-,0.00->0.00,0.00->0.00,0.0104->0.0104,0.1026->0.1026
Video_341,c,med15,False,22NR->21NR,8.559->8.559,0.394->0.396,0.8084->0.80829,nan->nan,nan->nan,5.405000000000001,0.0->0.0%,254,0.02174999999999727,5.11->4.48,183/35,0.00->0.04,0.00->0.00,0.0104->0.0105,0.1026->0.1033
