video,variante,x_start,x_end,metodo,variacion_pct,cumple,n_columnas,misma_roi,guia_cols_distintas_pct,guia_dif_max_px
Video_prueba,actual,454,1516,gauge_cintura,5.32,True,60,,,
Video_prueba,gel,454,1516,gauge_cintura,5.32,True,60,True,0.4,1.0
Video_prueba,x0.5,454,1516,gauge_cintura,5.67,True,60,True,15.5,2.0
Video_prueba,x2,748,1241,gauge_plana,1.33,True,60,False,24.2,1.0
Video_063_CTRL1_5V,actual,875,1039,gauge_plana,0.35,True,54,,,
Video_063_CTRL1_5V,gel,875,1039,gauge_plana,0.35,True,54,True,0.0,0.0
Video_063_CTRL1_5V,x0.5,390,1423,gauge_cintura,4.91,True,60,False,15.2,1.0
Video_063_CTRL1_5V,x2,832,1053,gauge_plana,0.7,True,60,False,11.0,1.0
Video_268_EXP3_FAPS2_40V,actual,918,1328,gauge_cintura,5.24,True,60,,,
Video_268_EXP3_FAPS2_40V,gel,918,1328,gauge_cintura,5.24,True,60,True,0.0,0.0
Video_268_EXP3_FAPS2_40V,x0.5,918,1324,gauge_cintura,4.87,True,60,False,8.3,1.0
Video_268_EXP3_FAPS2_40V,x2,918,1328,gauge_cintura,4.85,True,60,True,26.3,1.0
Video_466_EXP5_FAPS4_40V,actual,696,846,gauge_cintura,4.85,True,50,,,
Video_466_EXP5_FAPS4_40V,gel,696,846,gauge_cintura,4.85,True,50,True,4.0,1.0
Video_466_EXP5_FAPS4_40V,x0.5,696,846,gauge_cintura,4.85,True,50,True,27.3,2.0
Video_466_EXP5_FAPS4_40V,x2,943,1169,gauge_rescate_plana,5.8,True,60,False,44.0,3.0
Video_583_EXP6_CTRL4_40V,actual,718,1187,gauge_cintura,5.83,True,60,,,
Video_583_EXP6_CTRL4_40V,gel,718,1187,gauge_cintura,5.83,True,60,True,4.9,1.0
Video_583_EXP6_CTRL4_40V,x0.5,718,1187,gauge_cintura,5.83,True,60,True,8.5,2.0
Video_583_EXP6_CTRL4_40V,x2,718,1187,gauge_cintura,5.39,True,60,True,16.8,1.0
Video_491_EXP5_CTRL1_36HZ,actual,459,1206,gauge_cintura,5.08,True,60,,,
Video_491_EXP5_CTRL1_36HZ,gel,459,1206,gauge_cintura,5.08,True,60,True,8.7,1.0
Video_491_EXP5_CTRL1_36HZ,x0.5,459,1206,gauge_cintura,5.49,True,60,True,30.4,2.0
Video_491_EXP5_CTRL1_36HZ,x2,697,1010,gauge_plana,1.17,True,60,False,48.2,2.0
Video_476,actual,981,1249,gauge_cintura,2.64,True,60,,,
Video_476,gel,981,1249,gauge_cintura,2.64,True,60,True,7.5,1.0
Video_476,x0.5,981,1249,gauge_cintura,3.41,True,60,True,36.6,2.0
Video_476,x2,1038,1249,gauge_plana,1.88,True,60,False,58.6,2.0
Video_613,actual,896,1200,gauge_cintura,5.05,True,60,,,
Video_613,gel,896,1200,gauge_cintura,5.05,True,60,True,1.3,1.0
Video_613,x0.5,896,1200,gauge_cintura,5.05,True,60,True,1.3,1.0
Video_613,x2,896,1200,gauge_cintura,4.52,True,60,True,2.3,1.0
Video_068_hw30,actual,391,542,gauge_plana,0.28,True,50,,,
Video_068_hw30,gel,381,532,gauge_plana,0.28,True,50,False,0.0,0.0
Video_068_hw30,x0.5,278,928,gauge_cintura,5.07,True,60,False,7.3,1.0
Video_068_hw30,x2,355,521,gauge_plana,0.56,True,55,False,23.2,1.0
Video_304,actual,407,1199,gauge_cintura,5.79,True,60,,,
Video_304,gel,407,1199,gauge_cintura,5.79,True,60,True,0.5,1.0
Video_304,x0.5,407,1070,gauge_rescate_plana,5.84,True,60,False,42.2,3.0
Video_304,x2,596,918,gauge_plana,1.15,True,60,False,49.4,3.0
Video_341,actual,427,946,gauge_cintura,5.93,True,60,,,
Video_341,gel,428,785,gauge_cintura,5.53,True,60,False,11.8,2.0
Video_341,x0.5,428,785,gauge_cintura,5.95,True,60,False,36.0,5.0
Video_341,x2,427,946,gauge_cintura,5.51,True,60,True,36.8,6.0
