video,grupo,n_frames_mov,n_frames_ffprobe,tipos,periodo_P,periodo_peine,autocorr_peine,P_sobre_B_fondo,P_sobre_B_gel,P_sobre_B_center,bytes_P_sobre_B,center_peine_pp_px,center_ruido_rapido_px,center_peine_sobre_ruido,fondo_peine_pp,fondo_ruido
Video_prueba,prueba,2007,2007,B:1417 P:520 I:70,4.0,10,0.1880605431380418,1.1694885632484275,1.2561441695284628,1.0326086956522187,6.659498321860587,0.003962403846117013,0.15908167354871763,0.024907984419107552,0.001291183483208641,0.04581897927300148
Video_063_CTRL1_5V,OK,1848,1848,B:1330 P:454 I:64,4.0,10,0.10159334650459811,1.1240829140137167,1.3441172964832775,2.090909090885602,8.2333990601106,0.0008334285361684124,0.03348905916982526,0.024886591526565156,0.0005124046158620967,0.003570456484266631
Video_268_EXP3_FAPS2_40V,OK,2283,2283,B:1647 P:557 I:79,4.0,8,0.07327271978610685,1.133435508767933,1.3736965020358336,1.838709677439466,9.652490513245189,0.00268566204937315,0.0829075844142734,0.03239344226884489,0.00035436586145520636,0.003929133184652453
Video_466_EXP5_FAPS4_40V,OK,2076,2076,B:1347 P:655 I:74,2.0,10,0.04914633151164278,1.0374820736015302,1.103562507276956,1.0974409448820837,6.558435765156353,0.007426172211182802,0.6035140372673395,0.012304887297746845,0.0002794949515343287,0.004276731535769834
Video_583_EXP6_CTRL4_40V,OK,2236,2236,B:1579 P:579 I:78,4.0,4,0.20519929048111255,1.1043734767399944,1.2171128563600462,1.1597222222187134,6.921575662295301,0.01631895958541918,0.45578836771020315,0.0358038088321618,0.001253064805506656,0.02687988082145029
Video_491_EXP5_CTRL1_36HZ,OK,1846,1846,B:1334 P:448 I:64,4.0,4,0.10313071173928105,1.136396255051765,1.327619233337249,1.1233766233751852,8.276603362544927,0.0010771288496016496,0.2553633202724747,0.004218024924066402,0.0001800478311695733,0.0013850273993063417
Video_476,RARITOS,2165,2165,B:1566 P:524 I:75,4.0,10,0.08555389391707559,1.1229097876950402,1.3179254517151877,1.0483641536248134,7.623594427622644,0.001258017098621167,0.23976067477235063,0.005246970128923921,0.00018278381693932408,0.0015545466241041407
Video_613,RARITOS,2179,2179,B:1426 P:676 I:77,2.0,10,0.11293183364958587,1.0405136363461074,1.0929249542256105,1.0201342281866648,6.817215255152029,0.0023329280212465164,0.049022526243732274,0.0475888984106524,0.0006887583448891427,0.006401447005702506
Video_068_hw30,RARITOS,1843,1843,B:954 P:824 I:65,2.0,13,0.08014831306271906,1.0398842491572717,1.0249724861766003,1.0040472768865139,3.670589918513351,0.1470735054144825,1.6884543904545775,0.08710540613115782,0.1113214175422037,0.24802550693740721
Video_304,RARITOS,2233,2233,B:1610 P:546 I:77,4.0,8,0.12204291245727536,1.116636146877638,1.099982300039544,1.0770882542411304,4.9530603213141635,0.0023604323308745734,0.25404529692349426,0.009291383699913239,0.0003280959133250827,0.007228529124644966
Video_341,RARITOS,1833,1833,B:1321 P:448 I:64,4.0,8,0.059813137117782626,1.2034613528304123,1.1825679855790951,1.4175824175842708,6.572694280398677,0.006322261043578692,0.1850112258707248,0.03417231043048342,0.00042563985094717927,0.0036420159381114793
