16694,I,
9040,B
7935,B
2033,B
13924,P
1621,B
11497,P
422,B
1774,P
427,B
2889,B
1104,B
14593,P
645,B
1819,B
378,B
4008,P
447,B
895,B
343,B
1753,P
1548,B
5556,B
917,B
13938,P
624,B
1622,B
404,B
3421,P
25956,I,
746,B
5212,B
2361,B
14975,P
960,B
6253,B
1074,B
3780,P
1056,B
5933,B
732,B
12927,P
2862,B
8786,B
1272,B
24283,P
952,B
3420,B
662,B
6474,P
818,B
6002,B
3351,B
24143,P
804,B
3272,B
609,B
6611,P
34994,I,
1055,B
8478,B
1385,B
25130,P
977,B
3449,B
601,B
7088,P
765,B
4943,B
1284,B
3594,P
4238,B
13448,B
2467,B
40442,P
1936,B
5724,B
1426,B
10997,P
1588,B
8341,B
2201,B
38911,P
2214,B
6742,B
1639,B
12771,P
50629,I,
1493,B
5231,B
1015,B
12315,P
4605,B
12355,B
1866,B
40659,P
1716,B
6403,B
1787,B
11830,P
2039,B
10655,B
5230,B
39811,P
2510,B
13219,B
2509,B
12682,P
2608,B
16995,B
2887,B
32725,P
8012,B
23185,B
4030,B
60627,P
70271,I,
4247,B
14456,B
3091,B
24744,P
5757,B
23033,B
3606,B
59937,P
2705,B
11512,B
2014,B
20638,P
2615,B
16166,B
3141,B
58534,P
2464,B
9600,B
1779,B
18137,P
1310,B
6176,B
1250,B
10258,P
3993,B
19017,B
3313,B
57679,P
68407,I,
2061,B
7383,B
1495,B
14355,P
1641,B
10337,B
7596,B
58436,P
2415,B
9638,B
1891,B
17674,P
2662,B
10378,B
2136,B
16799,P
6646,B
18871,B
3249,B
58460,P
2400,B
9792,B
1945,B
17857,P
2471,B
15138,B
8226,B
58553,P
68681,I,
2742,B
10617,B
1975,B
20116,P
2033,B
12711,B
2793,B
59294,P
2208,B
8912,B
1684,B
17077,P
1415,B
5979,B
1211,B
9967,P
3937,B
18710,B
3107,B
57862,P
1914,B
8066,B
1496,B
14870,P
1502,B
10161,B
2152,B
56886,P
68216,I,
1950,B
6724,B
1244,B
14150,P
1079,B
4401,B
828,B
7347,P
5128,B
15387,B
2678,B
57582,P
2268,B
15289,B
2610,B
57344,P
2617,B
14335,P
1313,B
7245,P
4564,B
15627,B
2385,B
57467,P
1998,B
12567,P
69273,I,
2399,B
14949,B
2347,B
57649,P
2615,B
14778,P
1232,B
7509,P
825,B
4124,B
631,B
6640,P
3480,B
17037,B
2874,B
56707,P
1780,B
7072,B
1134,B
13642,P
1491,B
9991,B
2028,B
56431,P
2265,B
8166,B
1400,B
16285,P
69308,I,
2611,B
15576,B
3120,B
59256,P
4305,B
15662,B
2533,B
57890,P
2458,B
13574,P
1482,B
8084,P
1405,B
9272,B
7006,B
56292,P
2530,B
13776,P
1380,B
7848,P
954,B
4673,B
894,B
6993,P
4365,B
15910,B
2525,B
57426,P
69340,I,
2541,B
12625,P
1262,B
6689,P
3871,B
17524,B
3085,B
57735,P
2347,B
13174,P
1233,B
7092,P
1238,B
8685,B
1849,B
56532,P
2542,B
14785,P
1390,B
7947,P
1051,B
4710,B
902,B
7260,P
3607,B
29285,B
5560,B
60458,P
69002,I,
2321,B
8839,B
1891,B
18811,P
1617,B
11137,B
9461,B
61463,P
3702,B
13442,B
2511,B
25039,P
2406,B
7729,B
1476,B
17177,P
5349,B
18441,B
2749,B
61736,P
1989,B
8886,B
1853,B
17444,P
1591,B
11453,B
7013,B
59700,P
68092,I,
1795,B
6536,B
1198,B
13330,P
1319,B
9346,B
1909,B
56905,P
2014,B
8205,B
1356,B
15994,P
1195,B
5104,B
800,B
8645,P
3785,B
16562,B
2827,B
55818,P
1667,B
7234,B
1122,B
13734,P
1255,B
9652,B
1689,B
56034,P
67969,I,
1796,B
6366,B
1097,B
13230,P
845,B
4000,B
590,B
6697,P
4160,B
15155,B
2300,B
57549,P
2042,B
12320,P
1092,B
6763,P
1087,B
8226,B
6864,B
56841,P
2213,B
13359,P
1322,B
7529,P
847,B
4268,B
727,B
6668,P
67145,I,
1875,B
6735,B
1188,B
14755,P
862,B
3880,B
630,B
6789,P
3346,B
16635,B
2694,B
56814,P
1540,B
6961,B
990,B
13209,P
1342,B
10364,B
2000,B
56199,P
1900,B
7590,B
1233,B
15197,P
925,B
4737,B
832,B
7963,P
69607,I,
4316,B
14744,B
2409,B
58114,P
1596,B
6852,B
999,B
13262,P
1295,B
9767,B
6915,B
56731,P
1713,B
7400,B
1114,B
13666,P
950,B
4740,B
776,B
7947,P
4318,B
15030,B
2280,B
57105,P
2059,B
12756,P
69598,I,
2358,B
14716,B
2234,B
57578,P
2491,B
14298,P
1243,B
7343,P
709,B
3893,B
641,B
6128,P
3249,B
16419,B
2647,B
57289,P
2118,B
12902,P
1096,B
6740,P
1115,B
8463,B
1737,B
56133,P
2501,B
14611,P
69117,I,
1559,B
5939,B
1013,B
12561,P
1086,B
8115,B
6521,B
56396,P
1715,B
7199,B
1162,B
13933,P
903,B
4470,B
738,B
7611,P
4409,B
14415,B
2356,B
56423,P
1559,B
7105,B
1083,B
13060,P
1384,B
10364,B
6583,B
56297,P
68791,I,
1576,B
6039,B
1004,B
12558,P
1114,B
8677,B
1479,B
56812,P
1860,B
7561,B
1157,B
15340,P
954,B
4623,B
771,B
7937,P
3339,B
16787,B
2782,B
57325,P
1591,B
7164,B
1135,B
13762,P
1211,B
9993,B
1765,B
56622,P
67855,I,
1676,B
6120,B
1115,B
12908,P
753,B
3731,B
567,B
6180,P
4347,B
14570,B
2248,B
56629,P
2122,B
12516,P
1107,B
6498,P
1025,B
7808,B
6760,B
56739,P
2297,B
13214,P
1167,B
7060,P
704,B
3986,B
653,B
6152,P
67513,I,
1934,B
6518,B
1189,B
14475,P
853,B
3860,B
628,B
6933,P
3313,B
16890,B
2816,B
56872,P
1574,B
7112,B
1072,B
13318,P
1258,B
9902,B
1422,B
55766,P
1787,B
7600,B
1277,B
14979,P
958,B
4662,B
798,B
7990,P
69856,I,
4490,B
14900,B
2411,B
58982,P
1594,B
7015,B
1105,B
13344,P
1242,B
9721,B
12894,B
59859,P
3937,B
12310,B
2085,B
23853,P
1312,B
6538,B
1054,B
12627,P
8097,B
25011,B
4576,B
61954,P
3646,B
12712,B
2118,B
23741,P
70685,I,
8410,B
17538,B
2855,B
61624,P
1716,B
7528,B
1176,B
14882,P
1366,B
10236,B
1759,B
59089,P
1820,B
7826,B
1243,B
15726,P
1034,B
4884,B
851,B
8820,P
3579,B
16625,B
2641,B
57811,P
1643,B
7121,B
1049,B
13510,P
69098,I,
2403,B
14565,B
6986,B
57802,P
1670,B
7283,B
1140,B
14191,P
863,B
4634,B
733,B
7582,P
3881,B
14907,B
2363,B
57235,P
1703,B
7142,B
1115,B
13307,P
1252,B
9803,B
6430,B
57154,P
1690,B
7153,B
1168,B
13728,P
69266,I,
2418,B
14652,B
2169,B
57968,P
1873,B
7350,B
1210,B
15463,P
978,B
4520,B
709,B
7859,P
3320,B
16354,B
2762,B
56926,P
1682,B
7009,B
1132,B
13379,P
1295,B
9770,B
2175,B
56252,P
1846,B
7575,B
1231,B
15329,P
69084,I,
1617,B
5942,B
986,B
12355,P
4253,B
14688,B
2409,B
56806,P
1664,B
6957,B
1039,B
13113,P
1231,B
9409,B
6419,B
56494,P
1627,B
7289,B
1118,B
13830,P
920,B
4633,B
729,B
7665,P
4605,B
15287,B
2341,B
56780,P
68929,I,
1582,B
5954,B
890,B
12317,P
4025,B
16533,B
2714,B
57091,P
1624,B
6927,B
1098,B
13395,P
1256,B
9539,B
2036,B
56392,P
1835,B
7530,B
1233,B
15348,P
967,B
4635,B
836,B
7950,P
3426,B
16512,B
2629,B
56370,P
68465,I,
1559,B
5958,B
995,B
12593,P
1109,B
8391,B
6359,B
56967,P
1601,B
6961,B
1138,B
13601,P
877,B
4425,B
716,B
7479,P
4550,B
14515,B
2269,B
56172,P
1951,B
12381,P
1054,B
6676,P
1068,B
7792,B
6709,B
56573,P
68078,I,
2298,B
11889,P
963,B
5661,P
902,B
7392,B
1849,B
56332,P
2526,B
14403,P
1208,B
7066,P
713,B
3884,B
661,B
5950,P
3334,B
16621,B
2670,B
56239,P
1992,B
12133,P
1043,B
6673,P
1104,B
8453,B
1909,B
55858,P
68152,I,
2367,B
12003,P
1015,B
5924,P
522,B
3299,B
518,B
5294,P
4298,B
14945,B
2310,B
56419,P
2015,B
12254,P
1040,B
6608,P
1019,B
7966,B
6543,B
55741,P
2137,B
12824,P
1124,B
7042,P
725,B
3852,B
609,B
6003,P
67040,I,
1962,B
6497,B
1139,B
14152,P
825,B
3785,B
636,B
6710,P
3646,B
16447,B
2685,B
56476,P
2100,B
12482,P
1081,B
6560,P
1075,B
8467,B
1435,B
55727,P
2269,B
14100,P
1178,B
7500,P
705,B
3887,B
637,B
6151,P
68659,I,
4115,B
14584,B
2471,B
57035,P
1545,B
6798,B
1032,B
13139,P
1219,B
9720,B
6570,B
56581,P
1722,B
7166,B
1155,B
13860,P
928,B
4489,B
744,B
7485,P
11443,B
25391,B
4610,B
60884,P
2387,B
9700,B
1516,B
19227,P
69680,I,
8686,B
26948,B
4610,B
63217,P
3854,B
13376,B
2545,B
24196,P
1985,B
15246,B
3715,B
60490,P
1996,B
7708,B
1293,B
16487,P
974,B
4978,B
941,B
9033,P
3473,B
16433,B
2696,B
58848,P
1635,B
7179,B
1172,B
13816,P
67555,I,
2282,B
14397,B
7197,B
57744,P
1652,B
7193,B
1092,B
14104,P
927,B
4582,B
730,B
7778,P
4055,B
14849,B
2285,B
57460,P
1567,B
7066,B
1018,B
13148,P
1273,B
9774,B
6448,B
56401,P
1708,B
7246,B
1146,B
13590,P
69011,I,
2265,B
14881,B
1918,B
57411,P
1956,B
8081,B
1293,B
16425,P
981,B
4687,B
759,B
8329,P
3567,B
17069,B
2776,B
56563,P
1646,B
7173,B
1218,B
13866,P
1605,B
11412,B
3246,B
57177,P
2265,B
8202,B
1346,B
17382,P
69324,I,
1522,B
6056,B
943,B
12671,P
4404,B
14419,B
2262,B
57625,P
1596,B
6769,B
987,B
13064,P
1220,B
9647,B
6570,B
55766,P
1712,B
6976,B
1090,B
13501,P
900,B
4522,B
724,B
7354,P
4474,B
15065,B
2299,B
56308,P
68449,I,
1572,B
5736,B
877,B
12087,P
4114,B
16268,B
2759,B
55980,P
1646,B
6813,B
1032,B
13127,P
1236,B
9838,B
1663,B
55448,P
1863,B
7435,B
1136,B
15032,P
944,B
4514,B
778,B
7808,P
3248,B
16482,B
2719,B
55442,P
67724,I,
1616,B
5862,B
992,B
12357,P
1095,B
8381,B
6580,B
55861,P
1570,B
7059,B
996,B
13550,P
930,B
4650,B
720,B
7776,P
4550,B
14901,B
2585,B
55632,P
1835,B
7207,B
1102,B
14190,P
1268,B
9643,B
6718,B
57478,P
68657,I,
1997,B
6643,B
1113,B
14598,P
1236,B
9911,B
2076,B
56631,P
2044,B
9701,B
1643,B
19265,P
978,B
5251,B
810,B
9556,P
3709,B
16929,B
2724,B
56970,P
2094,B
12850,P
1093,B
6812,P
1192,B
9876,B
2468,B
56900,P
67427,I,
2600,B
13445,P
1492,B
8532,P
998,B
5824,B
903,B
9995,P
6997,B
16457,B
2619,B
57181,P
2391,B
13404,P
1311,B
7774,P
1148,B
8895,B
7035,B
56177,P
2241,B
13500,P
1267,B
8173,P
886,B
4692,B
727,B
8380,P
65625,I,
2073,B
6824,B
1198,B
15125,P
870,B
4218,B
661,B
8285,P
3916,B
16970,B
2806,B
56372,P
1599,B
6986,B
1028,B
13301,P
1285,B
9891,B
2147,B
55615,P
1940,B
7759,B
1291,B
15651,P
1008,B
4815,B
865,B
8457,P
68926,I,
4158,B
14453,B
2333,B
57304,P
1555,B
6973,B
923,B
13277,P
1129,B
9656,B
6750,B
56114,P
1720,B
7024,B
1096,B
13447,P
901,B
4510,B
730,B
7638,P
4436,B
14663,B
2260,B
56095,P
1571,B
6845,B
1051,B
12859,P
68273,I,
6995,B
28732,B
5610,B
60631,P
3041,B
10949,B
1780,B
21657,P
1652,B
12420,B
3765,B
60551,P
4199,B
14902,B
3156,B
26731,P
2764,B
9815,B
1535,B
18734,P
4356,B
19030,B
3038,B
60203,P
1704,B
7458,B
1299,B
14917,P
67586,I,
2283,B
15050,B
8090,B
59733,P
1715,B
7304,B
1186,B
14649,P
962,B
4702,B
762,B
8171,P
4806,B
16355,B
2516,B
57255,P
1566,B
7177,B
1066,B
13355,P
1259,B
9499,B
6471,B
56410,P
1682,B
7034,B
1090,B
13800,P
67812,I,
2242,B
14562,B
2200,B
57389,P
1920,B
7644,B
1254,B
15669,P
947,B
4513,B
692,B
7755,P
3372,B
16602,B
2729,B
56099,P
2179,B
13137,P
1172,B
7250,P
1183,B
9176,B
1572,B
55655,P
2337,B
13865,P
67382,I,
1635,B
5889,B
1016,B
12551,P
1114,B
8309,B
6580,B
56487,P
1662,B
7061,B
1082,B
13686,P
935,B
4513,B
702,B
7383,P
4741,B
14562,B
2353,B
55955,P
2136,B
12180,P
1221,B
7170,P
1182,B
9638,B
7914,B
56357,P
67846,I,
2452,B
12913,P
1046,B
6381,P
1014,B
8151,B
1425,B
56131,P
2504,B
14694,P
1208,B
7556,P
687,B
4008,B
655,B
6805,P
3341,B
16597,B
2821,B
56280,P
1681,B
7243,B
1165,B
13315,P
1300,B
9993,B
1907,B
55701,P
67529,I,
1786,B
6469,B
1125,B
13335,P
917,B
4035,B
727,B
6907,P
4660,B
15294,B
2506,B
57206,P
1583,B
7197,B
1100,B
13407,P
1339,B
10553,B
6884,B
56241,P
1790,B
7370,B
1301,B
14053,P
1148,B
5221,B
1114,B
9317,P
66432,I,
2262,B
7622,B
1351,B
16626,P
1077,B
4766,B
839,B
9082,P
3861,B
20408,B
3147,B
57441,P
1895,B
8325,B
1301,B
16445,P
1564,B
11963,B
2601,B
56823,P
2203,B
9959,B
1482,B
19333,P
1065,B
5182,B
879,B
9192,P
68905,I,
4742,B
15916,B
2407,B
58226,P
1668,B
7283,B
1129,B
14079,P
1458,B
9943,B
6678,B
56276,P
1873,B
7375,B
1251,B
14181,P
1308,B
6111,B
1106,B
10752,P
4641,B
16097,B
2684,B
56778,P
1821,B
7329,B
1223,B
13952,P
68857,I,
7445,B
17034,B
3036,B
57575,P
1774,B
7300,B
1146,B
13745,P
1503,B
9897,B
1921,B
56036,P
2097,B
7872,B
1344,B
15887,P
1209,B
5558,B
990,B
10167,P
3949,B
17904,B
3070,B
56740,P
2170,B
7967,B
1420,B
15544,P
69084,I,
2347,B
14964,B
7028,B
58337,P
1755,B
7462,B
1249,B
14440,P
1026,B
5046,B
781,B
9160,P
5157,B
15622,B
2391,B
57710,P
1607,B
7417,B
1132,B
14359,P
1293,B
9776,B
6690,B
56381,P
1601,B
7149,B
1120,B
13800,P
68023,I,
2247,B
14862,B
2801,B
56662,P
1909,B
7501,B
1208,B
15284,P
909,B
4515,B
694,B
7708,P
3420,B
28006,B
5226,B
59993,P
3191,B
9789,B
1483,B
21268,P
1422,B
11810,B
3136,B
60007,P
4157,B
15225,B
3196,B
26932,P
69143,I,
2179,B
8334,B
1417,B
19200,P
4630,B
15751,B
2554,B
60537,P
1670,B
7234,B
1154,B
13963,P
1404,B
10020,B
6692,B
58634,P
1657,B
7063,B
1069,B
13741,P
891,B
4664,B
765,B
7660,P
4293,B
14931,B
2447,B
56566,P
68073,I,
1599,B
6043,B
957,B
12273,P
3887,B
16366,B
2709,B
56467,P
1614,B
6896,B
1129,B
13003,P
1202,B
9490,B
1471,B
55689,P
1879,B
7471,B
1189,B
15000,P
932,B
4603,B
766,B
7771,P
3414,B
16338,B
2629,B
56272,P
67398,I,
1570,B
5930,B
1004,B
12366,P
1167,B
8737,B
6554,B
56590,P
1620,B
7023,B
1166,B
14012,P
882,B
4400,B
804,B
7403,P
4440,B
14674,B
2490,B
55272,P
1691,B
7152,B
1201,B
13384,P
1488,B
9972,B
6633,B
55939,P
67611,I,
1699,B
6189,B
1182,B
12954,P
4296,B
16328,B
2834,B
57168,P
5960,B
17347,B
2935,B
56800,P
2163,B
12595,P
1151,B
6943,P
1172,B
8396,B
1544,B
55407,P
2447,B
14727,P
1190,B
7443,P
676,B
3836,B
624,B
5927,P
68787,I,
4413,B
15800,B
2482,B
57862,P
1738,B
7124,B
1038,B
13681,P
1313,B
9698,B
6477,B
56772,P
1735,B
7236,B
1084,B
13675,P
822,B
4420,B
671,B
7414,P
4482,B
14553,B
2311,B
55887,P
2150,B
12475,P
68142,I,
2351,B
13980,B
1934,B
56756,P
2402,B
14159,P
1256,B
7226,P
725,B
3857,B
664,B
5933,P
3726,B
16892,B
2799,B
55670,P
1557,B
6877,B
1066,B
13258,P
1298,B
9585,B
1967,B
56124,P
1964,B
7672,B
1351,B
15872,P
68244,I,
1549,B
6185,B
1026,B
13300,P
4429,B
15021,B
2305,B
56710,P
1531,B
6941,B
1063,B
13157,P
1295,B
9741,B
6709,B
56519,P
1738,B
7345,B
1239,B
14152,P
1002,B
4850,B
921,B
7965,P
4336,B
14812,B
2554,B
56322,P
67968,I,
1759,B
6317,B
1101,B
12757,P
4244,B
16593,B
2818,B
57036,P
1752,B
7023,B
1110,B
13359,P
1404,B
10177,B
1763,B
56014,P
1978,B
7791,B
1437,B
15447,P
1103,B
4969,B
1003,B
8446,P
3778,B
17230,B
3079,B
56477,P
67897,I,
1746,B
6331,B
1141,B
12856,P
1331,B
9210,B
6851,B
57010,P
1970,B
7589,B
1232,B
15334,P
1078,B
4947,B
912,B
8392,P
4758,B
15808,B
2433,B
56220,P
1764,B
7308,B
1267,B
13963,P
1300,B
9974,B
6485,B
56536,P
67651,I,
1666,B
6038,B
972,B
12615,P
1132,B
8847,B
1755,B
56163,P
2086,B
7639,B
1198,B
15205,P
927,B
4471,B
759,B
7773,P
3536,B
29283,B
5492,B
60445,P
2852,B
10212,B
1604,B
20828,P
1589,B
11860,B
3713,B
60533,P
66065,I,
4241,B
13572,B
2773,B
25106,P
1736,B
8241,B
1361,B
16264,P
4119,B
15699,B
2439,B
61193,P
1773,B
7736,B
1228,B
14976,P
1422,B
11370,B
6992,B
58634,P
1826,B
7646,B
1206,B
14350,P
1026,B
4789,B
876,B
8137,P
65521,I,
1952,B
6605,B
1217,B
14562,P
1155,B
4724,B
1021,B
8724,P
3866,B
16873,B
2699,B
56709,P
1749,B
7487,B
1247,B
14104,P
1475,B
10454,B
2193,B
56549,P
2043,B
7984,B
1572,B
15938,P
1193,B
5365,B
1013,B
8873,P
68311,I,
4827,B
15869,B
2649,B
57948,P
1905,B
7599,B
1314,B
14115,P
1415,B
10211,B
6565,B
56321,P
2002,B
7825,B
1322,B
14842,P
1085,B
5051,B
957,B
8393,P
5408,B
18313,B
3060,B
57428,P
2734,B
12041,B
4404,B
23928,P
70275,I,
11010,B
29219,B
5352,B
60325,P
3540,B
12944,B
2567,B
22185,P
3490,B
18731,B
3854,B
59064,P
3227,B
13873,B
2697,B
24581,P
1747,B
7350,B
1466,B
13363,P
5471,B
25544,B
4508,B
58528,P
3450,B
12052,B
2256,B
21540,P
68335,I,
3541,B
19599,B
10055,B
59188,P
3121,B
10315,B
1720,B
18917,P
1496,B
7144,B
1254,B
12626,P
7629,B
23397,B
4180,B
58613,P
2695,B
8983,B
1551,B
17744,P
2020,B
12836,B
9315,B
57765,P
2430,B
11203,B
1915,B
19747,P
68328,I,
2584,B
16072,B
3078,B
58646,P
2848,B
11288,B
2478,B
21391,P
2408,B
8585,B
1524,B
15691,P
4472,B
20683,B
3556,B
58188,P
2444,B
9578,B
1589,B
17763,P
1666,B
11649,B
2884,B
57164,P
3422,B
12703,B
2689,B
22732,P
68900,I,
2524,B
9197,B
2231,B
17298,P
5926,B
19088,B
3229,B
58560,P
2199,B
8687,B
1536,B
16167,P
1518,B
10772,B
7895,B
56951,P
2456,B
9136,B
1654,B
16910,P
1386,B
6058,B
1122,B
9867,P
5159,B
15887,B
2687,B
56684,P
67377,I,
1960,B
7099,B
1394,B
13949,P
5320,B
21742,B
3311,B
57732,P
2015,B
7876,B
1346,B
15627,P
1532,B
11364,B
2147,B
57194,P
2293,B
8384,B
1582,B
16862,P
1169,B
5254,B
878,B
8994,P
3820,B
17394,B
3014,B
57238,P
67742,I,
1798,B
6919,B
1421,B
14717,P
1548,B
10712,B
7281,B
57204,P
1811,B
7475,B
1255,B
14527,P
1057,B
5381,B
991,B
9335,P
5268,B
15840,B
2530,B
56857,P
2450,B
13629,P
1498,B
7739,P
1325,B
9702,B
8175,B
57536,P
67853,I,
2629,B
13354,P
1332,B
6851,P
1174,B
8126,B
1784,B
56531,P
2615,B
14711,P
1424,B
7699,P
976,B
4414,B
883,B
6932,P
3606,B
16652,B
2898,B
56400,P
1731,B
7274,B
1190,B
13711,P
1384,B
10336,B
1845,B
55363,P
66655,I,
1662,B
6368,B
1258,B
13607,P
994,B
5108,B
906,B
9726,P
5396,B
16713,B
2669,B
57203,P
1643,B
7164,B
1232,B
13701,P
1494,B
10518,B
6618,B
56892,P
2112,B
8439,B
1553,B
15935,P
2811,B
12275,B
4055,B
21727,P
62683,I,
5392,B
16831,B
4144,B
29611,P
5517,B
16878,B
4184,B
26939,P
9748,B
34019,B
7831,B
59523,P
5576,B
17788,B
4327,B
27460,P
4518,B
21245,B
5950,B
59121,P
3884,B
14182,B
2618,B
25472,P
2522,B
9898,B
2043,B
16543,P
68381,I,
8797,B
20431,B
3509,B
59104,P
2262,B
9975,B
1894,B
18388,P
4620,B
21262,B
15659,B
59597,P
6127,B
18484,B
4047,B
30612,P
4211,B
12859,B
2649,B
21795,P
11031,B
26740,B
4930,B
61138,P
3506,B
11406,B
2147,B
21289,P
68143,I,
8241,B
20072,B
3238,B
60586,P
2336,B
9407,B
1786,B
17306,P
2048,B
12715,B
2287,B
57200,P
2296,B
8635,B
1679,B
17312,P
1420,B
5645,B
952,B
9482,P
3775,B
17871,B
3092,B
57499,P
1866,B
7548,B
1440,B
14188,P
67839,I,
2460,B
14670,B
7584,B
57683,P
1937,B
7699,B
1472,B
14622,P
1248,B
5100,B
890,B
8466,P
