17332,I,
4328,B
18010,B
3862,B
25189,P
4129,B
17822,P
1283,B
6704,P
1500,B
7393,B
3557,B
12270,P
4997,B
13206,B
2736,B
33681,P
2002,B
6873,B
1655,B
12032,P
1286,B
7252,B
2051,B
35600,P
1933,B
8130,B
3319,B
15796,P
47559,I,
3956,B
13954,P
2111,B
7528,P
3626,B
11655,B
1939,B
34940,P
1848,B
12228,P
1706,B
17712,P
1421,B
13912,B
11087,B
49996,P
4406,B
17230,B
4437,B
28616,P
1453,B
5808,B
1167,B
13390,P
2190,B
12023,B
1740,B
53434,P
64512,I,
1209,B
7527,B
4649,B
25391,P
4998,B
23529,B
4450,B
52746,P
1445,B
6746,B
1033,B
16042,P
1285,B
9104,B
1678,B
56787,P
2217,B
8442,B
3350,B
20777,P
7924,B
38033,B
7192,B
39498,P
8366,B
18808,B
2959,B
76815,P
87110,I,
1054,B
4718,B
795,B
15379,P
2035,B
13521,B
12288,B
68726,P
5740,B
29485,B
6174,B
50675,P
2145,B
7105,B
1017,B
28132,P
3592,B
34936,B
4101,B
65812,P
2562,B
7018,B
899,B
33454,P
6108,B
32245,B
14919,B
62325,P
87539,I,
1801,B
6600,B
931,B
25913,P
2278,B
15974,B
2674,B
67519,P
3300,B
31946,B
3173,B
40750,P
8436,B
36490,B
5710,B
57397,P
14520,B
36247,B
4970,B
91695,P
5169,B
20514,B
3769,B
33967,P
3992,B
29644,B
2976,B
100151,P
125284,I,
7359,B
31835,B
6065,B
50630,P
5573,B
20344,B
2702,B
38726,P
7786,B
36662,B
4687,B
97600,P
3511,B
15057,B
3069,B
25581,P
4636,B
34925,B
16599,B
90657,P
8440,B
25889,B
3662,B
48387,P
3558,B
15388,B
2872,B
32104,P
121309,I,
2062,B
9176,B
1695,B
17010,P
7225,B
30676,B
5772,B
46743,P
12813,B
41364,B
5358,B
93141,P
3651,B
15580,B
3211,B
28753,P
4031,B
20040,B
4522,B
100112,P
4209,B
26953,B
8868,B
54613,P
8637,B
32627,B
6024,B
50993,P
134011,I,
5514,B
33351,B
4550,B
96625,P
10291,B
62547,B
8057,B
94994,P
3591,B
35793,P
4615,B
97642,P
4134,B
25074,P
3932,B
20597,P
3559,B
23052,B
7960,B
45878,P
12719,B
45499,B
6297,B
93374,P
3263,B
16056,B
2801,B
40473,P
120340,I,
4233,B
22416,B
8081,B
100821,P
4122,B
25457,B
8061,B
52090,P
8086,B
31666,B
5601,B
48893,P
5431,B
40215,B
4681,B
94489,P
4755,B
16786,B
3206,B
29648,P
3976,B
17735,B
7321,B
99750,P
3517,B
14859,B
3008,B
24289,P
126398,I,
2541,B
18839,B
3526,B
100416,P
3983,B
16315,B
3163,B
30139,P
3372,B
27173,B
8884,B
52618,P
13553,B
45197,B
7858,B
93463,P
3593,B
18868,B
3333,B
42720,P
3527,B
20062,B
3564,B
98702,P
3610,B
17299,B
3234,B
34512,P
131035,I,
5676,B
27887,B
7565,B
46964,P
6506,B
34493,B
3600,B
95201,P
3740,B
15335,B
3196,B
26807,P
3171,B
18019,B
13150,B
100947,P
12098,B
40794,B
10747,B
62198,P
5992,B
20430,B
2543,B
51886,P
5890,B
34076,B
3244,B
96214,P
121042,I,
1993,B
12065,B
2138,B
21001,P
4875,B
25235,B
4282,B
100515,P
3466,B
14811,B
3018,B
24447,P
3828,B
15696,B
3195,B
97584,P
4242,B
20284,B
3757,B
33056,P
5980,B
34228,B
7622,B
54581,P
15205,B
41133,B
5623,B
92850,P
126532,I,
1526,B
10089,B
1932,B
22073,P
1442,B
14627,B
6934,B
100249,P
3474,B
15045,B
3076,B
25290,P
2701,B
11286,B
2470,B
15908,P
8071,B
30489,B
6106,B
101758,P
3516,B
15509,B
3081,B
26168,P
3903,B
28618,B
7199,B
101576,P
130056,I,
1808,B
12873,B
2748,B
21687,P
1914,B
14324,B
2387,B
101175,P
3528,B
15032,B
2915,B
26114,P
2747,B
11642,B
2475,B
17519,P
8015,B
31846,B
6297,B
100537,P
3057,B
34960,P
2091,B
15232,P
1817,B
12347,B
2367,B
99955,P
129516,I,
2268,B
19833,P
2676,B
13885,P
1472,B
7595,B
1441,B
12083,P
4849,B
24351,B
3807,B
101482,P
3429,B
15661,B
3231,B
28145,P
4725,B
31660,B
9886,B
101067,P
3413,B
15398,B
3202,B
26137,P
2765,B
11742,B
2549,B
15672,P
128734,I,
2228,B
18275,B
4177,B
50067,P
12208,B
52612,P
10753,B
50339,P
15723,B
40183,B
5905,B
94348,P
6499,B
29898,B
6383,B
57832,P
8329,B
40690,B
7716,B
93897,P
4105,B
29616,B
8275,B
59007,P
7409,B
24158,B
3057,B
41878,P
127074,I,
22232,B
49205,B
7382,B
98848,P
8717,B
27273,B
3988,B
56727,P
3283,B
24636,B
9059,B
96531,P
3634,B
17050,B
3550,B
33058,P
5435,B
27506,B
6852,B
42805,P
8499,B
37230,B
4645,B
96258,P
3644,B
15809,B
3131,B
27660,P
122899,I,
6032,B
42336,B
4944,B
102003,P
4552,B
18306,B
3314,B
30332,P
3909,B
28148,B
2506,B
99552,P
3849,B
15539,B
3205,B
26396,P
3060,B
13728,B
4340,B
22985,P
7294,B
37160,B
4697,B
100796,P
3656,B
15113,B
3105,B
25325,P
130194,I,
2535,B
18660,B
11149,B
101154,P
5159,B
19361,B
3645,B
31463,P
2810,B
11883,B
2574,B
17098,P
6528,B
24785,B
4966,B
100318,P
3701,B
23175,P
4009,B
21235,P
3498,B
18521,B
7043,B
100066,P
3944,B
24433,P
129741,I,
1730,B
8640,B
1533,B
15618,P
4340,B
32950,B
5462,B
103357,P
4333,B
15883,B
2942,B
28457,P
3852,B
16363,B
3582,B
99150,P
3560,B
15336,B
3059,B
25849,P
2922,B
13096,B
3876,B
22191,P
7650,B
26911,B
5442,B
100561,P
129842,I,
2024,B
13099,P
1423,B
8502,P
1416,B
9574,B
7019,B
100414,P
4821,B
29095,P
3477,B
19393,P
2549,B
11011,B
2597,B
15633,P
6382,B
24855,B
3991,B
100962,P
4076,B
23954,P
3163,B
21401,P
3858,B
19290,B
8255,B
101061,P
129650,I,
1878,B
8878,B
1584,B
15690,P
1644,B
11304,B
1917,B
100725,P
3590,B
17314,B
4140,B
31693,P
3465,B
13000,B
2589,B
20699,P
5489,B
25917,B
5325,B
100267,P
3473,B
14908,B
2999,B
24050,P
5753,B
24194,B
6269,B
100450,P
138853,I,
1471,B
8113,B
1216,B
15489,P
961,B
6280,B
856,B
9309,P
5215,B
30559,B
3853,B
102115,P
4677,B
19066,B
3472,B
30621,P
3863,B
28953,B
7226,B
99083,P
3380,B
15083,B
2941,B
24607,P
2786,B
12023,B
2629,B
20856,P
128692,I,
2240,B
10752,B
1731,B
20906,P
1696,B
8116,B
1342,B
14105,P
3259,B
26356,B
4407,B
102367,P
3486,B
16812,B
4050,B
29698,P
4580,B
32435,B
3651,B
100504,P
3751,B
15587,B
3187,B
26674,P
2972,B
12118,B
2843,B
16813,P
130148,I,
11007,B
30209,B
5852,B
102147,P
2587,B
15663,B
2408,B
36903,P
3062,B
16495,B
7088,B
101109,P
3550,B
15234,B
3037,B
25093,P
2964,B
14934,B
3750,B
22555,P
6737,B
25398,B
4994,B
101266,P
3512,B
14962,B
2943,B
24673,P
130716,I,
5155,B
35673,B
3692,B
100969,P
3592,B
17504,B
3625,B
29560,P
3893,B
30876,B
2811,B
100172,P
4070,B
22353,B
5588,B
55496,P
12572,B
53361,P
10549,B
50229,P
16318,B
38631,B
5452,B
93435,P
2944,B
15183,B
2701,B
35981,P
119696,I,
2168,B
17954,B
10526,B
100589,P
4045,B
17292,B
3268,B
29606,P
2984,B
12016,B
2646,B
17910,P
6327,B
23919,B
3875,B
100348,P
4685,B
19728,B
3877,B
31030,P
3892,B
29153,B
7166,B
99355,P
3513,B
15132,B
3090,B
24765,P
129406,I,
2474,B
18625,B
2345,B
101043,P
4965,B
18689,B
3208,B
33189,P
2766,B
12033,B
2623,B
17288,P
4806,B
26708,B
4244,B
100459,P
3515,B
16310,B
4139,B
30416,P
5082,B
32261,B
4293,B
99008,P
3592,B
15417,B
3085,B
26745,P
129552,I,
1641,B
8067,B
1346,B
13492,P
11252,B
29962,B
5518,B
101235,P
3395,B
15202,B
2902,B
27080,P
3744,B
28323,B
7192,B
100070,P
3510,B
15432,B
2997,B
25925,P
3896,B
17381,B
3598,B
24113,P
5112,B
35164,B
4413,B
100399,P
129701,I,
1885,B
8438,B
1453,B
14050,P
3954,B
33720,B
6353,B
103047,P
5300,B
17858,B
3265,B
30868,P
3793,B
28285,B
2285,B
100641,P
3731,B
15359,B
3202,B
27107,P
3013,B
12615,B
3898,B
23297,P
5470,B
31203,B
5715,B
101068,P
130154,I,
1649,B
8316,B
1421,B
14599,P
1422,B
10471,B
7139,B
102174,P
4413,B
20406,B
4257,B
32251,P
3040,B
12553,B
2605,B
18338,P
6272,B
24510,B
4956,B
101531,P
3480,B
15060,B
3054,B
24411,P
4929,B
34454,B
11150,B
101103,P
140468,I,
1366,B
7880,B
946,B
14200,P
908,B
8179,B
1266,B
98948,P
3357,B
16018,B
3875,B
31262,P
3479,B
13140,B
2436,B
20612,P
4860,B
25452,B
4258,B
99822,P
3546,B
14795,B
2954,B
24151,P
4090,B
20109,B
5890,B
100483,P
129732,I,
1867,B
8819,B
1588,B
16737,P
1459,B
7051,B
1336,B
9996,P
4675,B
26427,B
3814,B
100830,P
5165,B
27890,P
3479,B
18641,P
2704,B
14625,B
7926,B
99953,P
3935,B
24203,P
2943,B
14769,P
2547,B
11203,B
3287,B
20580,P
128600,I,
3022,B
11328,B
1960,B
22231,P
1618,B
7822,B
1396,B
12446,P
3215,B
26024,B
4161,B
100401,P
3388,B
15623,B
4090,B
29881,P
5160,B
32676,B
4523,B
100916,P
3706,B
15463,B
3100,B
26758,P
2873,B
11799,B
2664,B
16164,P
130531,I,
11037,B
30950,B
6729,B
101758,P
3910,B
16198,B
2415,B
40008,P
3041,B
16923,B
7073,B
99688,P
3515,B
15080,B
2934,B
24566,P
3011,B
15916,B
3520,B
23145,P
7921,B
36410,B
4406,B
101649,P
3825,B
24059,P
130772,I,
1933,B
14622,B
2323,B
101447,P
4131,B
28293,P
4523,B
21781,P
2796,B
12721,B
2604,B
18669,P
5393,B
26188,B
4237,B
101245,P
3455,B
15189,B
2999,B
24864,P
3730,B
27978,B
2558,B
100689,P
4082,B
24572,B
5219,B
54977,P
126169,I,
9286,B
45570,P
9566,B
45324,P
8814,B
34470,B
3659,B
93271,P
3752,B
15358,B
3293,B
27371,P
3242,B
18201,B
12119,B
101156,P
4541,B
19113,B
3702,B
30739,P
2989,B
12103,B
2734,B
17128,P
6274,B
24237,B
4056,B
97903,P
128392,I,
3037,B
19418,P
2247,B
13606,P
3068,B
26299,B
4175,B
100450,P
3680,B
23750,P
2745,B
15576,P
2616,B
14756,B
4589,B
101280,P
5396,B
29736,P
3238,B
18055,P
2665,B
11029,B
2526,B
14712,P
4668,B
32791,B
6604,B
102580,P
131518,I,
2892,B
9938,B
1565,B
19481,P
1654,B
11077,B
7083,B
100586,P
3388,B
15867,B
3004,B
29004,P
4429,B
16167,B
3071,B
23264,P
6281,B
35364,B
4307,B
100819,P
3425,B
15155,B
3029,B
24543,P
3858,B
16788,B
8233,B
100749,P
130934,I,
2328,B
9649,B
1487,B
19611,P
1591,B
11463,B
1938,B
100786,P
3546,B
15661,B
3150,B
28210,P
4020,B
16401,B
3238,B
23622,P
5469,B
36736,B
4752,B
100086,P
3455,B
15158,B
3176,B
25650,P
4280,B
21654,B
5681,B
99622,P
130320,I,
1899,B
9294,B
1625,B
16958,P
1540,B
8148,B
1415,B
12036,P
6459,B
31203,B
6106,B
101713,P
4327,B
17368,B
3224,B
29720,P
3888,B
28617,B
7342,B
100057,P
3507,B
15407,B
3059,B
26029,P
4212,B
17558,B
3632,B
24815,P
128046,I,
2018,B
9072,B
1742,B
16846,P
1547,B
7153,B
1456,B
10562,P
3143,B
25848,B
4228,B
99949,P
5202,B
28916,P
4014,B
20079,P
2770,B
15238,B
3325,B
100052,P
4062,B
25326,P
3059,B
15578,P
2655,B
10837,B
2538,B
13972,P
131672,I,
10364,B
30188,B
6108,B
102070,P
2369,B
15565,B
2646,B
36281,P
3166,B
16919,B
7411,B
101124,P
3637,B
15338,B
3032,B
25738,P
4265,B
18149,B
3515,B
25383,P
5890,B
35996,B
4453,B
101241,P
3617,B
15600,B
3010,B
25468,P
130566,I,
5305,B
42417,B
4739,B
103806,P
5137,B
20031,B
3525,B
32279,P
3755,B
28902,B
3501,B
99649,P
3646,B
15503,B
3088,B
26707,P
2880,B
12387,B
2672,B
21224,P
6848,B
32154,B
5987,B
101457,P
2581,B
15976,B
2556,B
36958,P
131519,I,
2660,B
19460,B
7569,B
101326,P
3471,B
16057,B
3922,B
30418,P
3079,B
12964,B
2663,B
19788,P
6436,B
25054,B
4931,B
99632,P
3381,B
14963,B
2940,B
24187,P
3725,B
28059,B
7814,B
100812,P
4737,B
16375,B
3138,B
30363,P
132079,I,
2612,B
19721,B
1707,B
101116,P
3459,B
15393,B
3021,B
26933,P
2718,B
12310,B
3539,B
22725,P
7641,B
26682,B
5268,B
101440,P
3531,B
15240,B
3047,B
24932,P
3821,B
28742,B
2604,B
101316,P
3656,B
17113,B
4860,B
33369,P
131669,I,
2142,B
9206,B
1492,B
18046,P
5899,B
26981,B
3993,B
102625,P
17188,B
66734,P
11331,B
59155,P
11765,B
55686,B
11092,B
92432,P
3534,B
33745,P
2531,B
17404,P
2075,B
10232,B
2029,B
17357,P
10821,B
30414,B
6247,B
100969,P
127477,I,
1810,B
8689,B
1566,B
16181,P
3550,B
26403,B
4180,B
98706,P
3341,B
14855,B
2981,B
24328,P
5580,B
24349,B
6165,B
99885,P
3663,B
16039,B
3174,B
27778,P
2961,B
12386,B
2711,B
18168,P
5024,B
26220,B
5278,B
100754,P
130980,I,
3156,B
11415,B
1897,B
21374,P
1752,B
13133,B
7506,B
100745,P
3345,B
14900,B
2902,B
24922,P
2753,B
11531,B
2499,B
15490,P
9082,B
29106,B
5506,B
100819,P
2468,B
16141,B
2393,B
37248,P
3176,B
17289,B
7385,B
100547,P
128942,I,
1711,B
8269,B
1442,B
14229,P
3184,B
17758,B
3411,B
99917,P
3527,B
15352,B
2944,B
26963,P
2782,B
11763,B
2541,B
17350,P
4696,B
25779,B
4165,B
100171,P
3438,B
16051,B
4132,B
29718,P
4473,B
32398,B
4215,B
100166,P
129733,I,
1937,B
9105,B
1748,B
16721,P
1568,B
7490,B
1440,B
11572,P
6661,B
32531,B
6261,B
101600,P
4333,B
15582,B
3023,B
29225,P
3968,B
28218,B
9064,B
99369,P
3584,B
15938,B
3660,B
27101,P
3017,B
13374,B
4067,B
22563,P
127611,I,
2785,B
10152,B
1762,B
21110,P
1565,B
7849,B
1504,B
13630,P
4325,B
33180,B
6386,B
99993,P
5306,B
20650,B
6818,B
35098,P
5529,B
34826,B
5816,B
98482,P
4357,B
17269,B
3283,B
32346,P
3220,B
14413,B
4208,B
23375,P
130193,I,
7743,B
41194,B
5792,B
101550,P
4182,B
18140,B
2887,B
42062,P
3467,B
21650,B
7641,B
100183,P
3529,B
15130,B
3044,B
25045,P
2892,B
12399,B
3859,B
22490,P
10681,B
28451,B
5163,B
100332,P
2432,B
15605,B
2375,B
36172,P
130328,I,
5209,B
25129,B
4177,B
101576,P
3898,B
25026,P
3370,B
19671,P
3030,B
17780,B
4335,B
100405,P
4128,B
25365,P
3185,B
17074,P
2669,B
10829,B
2545,B
14651,P
4679,B
32676,B
5395,B
100944,P
4449,B
27197,P
130713,I,
1711,B
8655,B
1376,B
15864,P
4949,B
26548,B
4315,B
101407,P
3354,B
15053,B
2883,B
24877,P
3766,B
20105,B
8791,B
101347,P
3713,B
16938,B
3025,B
30051,P
2924,B
12165,B
2635,B
17142,P
7359,B
25000,B
5086,B
101493,P
130121,I,
1675,B
10253,B
3358,B
21037,P
5778,B
25981,B
4198,B
100299,P
3415,B
14979,B
2998,B
24936,P
3727,B
15776,B
3317,B
99546,P
3538,B
15225,B
3164,B
25931,P
3830,B
16817,B
3220,B
24167,P
5767,B
36850,B
4751,B
101159,P
129368,I,
1700,B
8269,B
1384,B
13777,P
1483,B
10110,B
10588,B
101962,P
4817,B
18467,B
3221,B
31248,P
2826,B
12008,B
2582,B
17817,P
6387,B
27703,B
5050,B
101293,P
20221,B
59585,B
12657,B
73368,P
10474,B
59565,P
115377,I,
2276,B
10211,B
1727,B
20802,P
1564,B
8184,B
1537,B
15354,P
3671,B
30982,B
5072,B
101055,P
4086,B
25915,P
3018,B
16180,P
2752,B
14040,B
3283,B
98941,P
3903,B
24730,P
2946,B
15227,P
2626,B
13822,B
2879,B
20597,P
130186,I,
6317,B
24865,B
4975,B
101146,P
3419,B
15064,B
2926,B
25307,P
3767,B
16273,B
7364,B
100482,P
5260,B
20075,B
4359,B
32395,P
3080,B
12783,B
2740,B
19117,P
6147,B
24824,B
5012,B
100245,P
3427,B
15059,B
2986,B
24326,P
129730,I,
8979,B
41934,B
5489,B
101889,P
3470,B
15175,B
3007,B
25510,P
3753,B
16823,B
3141,B
99748,P
3671,B
15522,B
3044,B
26624,P
3523,B
16205,B
3161,B
22958,P
5472,B
36970,B
4877,B
101218,P
3502,B
15370,B
3037,B
24839,P
130710,I,
2470,B
18631,B
6976,B
100259,P
4871,B
20489,B
3554,B
33385,P
2741,B
12086,B
2480,B
17195,P
6083,B
24233,B
4957,B
99959,P
3443,B
14828,B
3009,B
24399,P
5288,B
33106,B
11416,B
100383,P
2641,B
15714,B
2388,B
36801,P
131468,I,
2474,B
19327,B
2222,B
100441,P
3618,B
15735,B
3066,B
27259,P
3722,B
16065,B
3385,B
23651,P
5501,B
36906,B
4914,B
100514,P
3611,B
15519,B
3132,B
25106,P
3943,B
16153,B
3242,B
99640,P
3889,B
19149,B
4092,B
32931,P
130699,I,
1828,B
9088,B
1450,B
16925,P
4983,B
24267,B
3810,B
99535,P
3277,B
14947,B
2919,B
24491,P
4886,B
21775,B
12346,B
101321,P
2588,B
16004,B
2465,B
36877,P
2031,B
11067,B
1796,B
16636,P
6425,B
25078,B
4044,B
101094,P
130284,I,
2296,B
12438,B
1988,B
20221,P
4123,B
26029,B
4112,B
100333,P
3411,B
15098,B
2906,B
24892,P
3787,B
16173,B
2982,B
99642,P
3965,B
19551,B
3752,B
33165,P
3196,B
12771,B
2677,B
20318,P
5302,B
25828,B
5309,B
99758,P
129194,I,
1671,B
8287,B
1419,B
13734,P
2633,B
17523,B
9950,B
101833,P
4060,B
25773,P
2960,B
15787,P
2625,B
10629,B
2512,B
14417,P
6220,B
24624,B
3916,B
100464,P
3566,B
17995,B
4401,B
30310,P
4309,B
32135,B
8652,B
100643,P
129683,I,
1752,B
8595,B
1488,B
14353,P
1546,B
10093,B
1649,B
99177,P
3784,B
18232,B
3811,B
32435,P
3191,B
12876,B
2588,B
21085,P
5205,B
26079,B
5176,B
100203,P
3424,B
15223,B
2929,B
24273,P
3779,B
28373,B
2055,B
101901,P
130597,I,
2612,B
10726,B
1703,B
20136,P
1597,B
7632,B
1382,B
11495,P
4961,B
25221,B
4107,B
101553,P
3413,B
15971,B
3110,B
30119,P
4659,B
32584,B
8971,B
101499,P
3525,B
15184,B
3030,B
25164,P
2891,B
11776,B
2648,B
16280,P
129104,I,
2123,B
12801,B
5707,B
51460,P
12225,B
50830,P
10419,B
48899,P
15426,B
37448,B
5179,B
94051,P
2926,B
15049,B
2627,B
35711,P
2360,B
17487,B
3234,B
98835,P
3653,B
16788,B
4484,B
32129,P
4117,B
14115,B
2820,B
22967,P
128304,I,
6088,B
24123,B
4995,B
100765,P
3842,B
23400,P
2898,B
14560,P
2785,B
13853,B
7031,B
99232,P
5081,B
29600,P
4456,B
21276,P
2873,B
15896,B
7751,B
100051,P
7195,B
41663,B
5477,B
101046,P
3194,B
36489,P
131471,I,
1818,B
14419,B
2249,B
101069,P
4327,B
26235,P
3035,B
15348,P
2559,B
10930,B
2530,B
19546,P
6163,B
29058,B
99926,P
