13642,I,
1538,B
5972,B
1348,B
9637,P
3810,B
12417,P
561,B
3175,P
385,B
3099,B
1646,B
11228,P
450,B
2727,P
253,B
1137,P
256,B
551,B
227,B
1077,P
1084,B
4994,B
652,B
10956,P
1207,B
10242,B
2213,B
17493,P
26729,I,
2553,B
18048,P
706,B
4666,P
314,B
944,B
255,B
2005,P
401,B
2968,B
1102,B
17532,P
745,B
2290,B
401,B
4782,P
837,B
10846,B
1110,B
8300,P
2925,B
8782,B
1496,B
31832,P
1247,B
3624,B
905,B
7406,P
38308,I,
1070,B
9012,B
3021,B
32137,P
1280,B
3668,B
918,B
7658,P
934,B
2089,B
716,B
4066,P
2142,B
8264,B
1457,B
31049,P
1247,B
3608,B
1050,B
7156,P
1272,B
16309,B
3561,B
38490,P
1259,B
5239,B
795,B
12192,P
52633,I,
843,B
8487,B
1482,B
41246,P
1067,B
4169,B
679,B
9344,P
620,B
2051,B
527,B
4663,P
2094,B
10283,B
1347,B
39241,P
972,B
3720,B
675,B
8475,P
756,B
6279,B
1246,B
40203,P
1058,B
4240,B
736,B
9682,P
52728,I,
742,B
2812,B
430,B
7275,P
2040,B
10094,B
1238,B
41044,P
961,B
3756,B
649,B
8223,P
686,B
5877,B
3008,B
41054,P
1136,B
4400,B
862,B
9299,P
845,B
2421,B
642,B
5071,P
2743,B
11545,B
1199,B
41125,P
52758,I,
732,B
2874,B
454,B
7301,P
1783,B
9716,B
1224,B
39911,P
954,B
3692,B
676,B
8334,P
695,B
5558,B
865,B
39560,P
1103,B
4076,B
711,B
9338,P
722,B
2096,B
566,B
4250,P
2001,B
10016,B
1316,B
39825,P
52374,I,
765,B
2926,B
451,B
7688,P
514,B
4651,B
3013,B
40079,P
1042,B
4060,B
646,B
8823,P
606,B
1919,B
545,B
4096,P
2435,B
9432,B
1094,B
40250,P
1016,B
3781,B
692,B
8318,P
793,B
5745,B
2851,B
40234,P
52349,I,
897,B
2950,B
449,B
7160,P
506,B
4182,B
1299,B
40045,P
1095,B
4163,B
690,B
9538,P
617,B
1928,B
589,B
4338,P
1868,B
10637,B
1352,B
40075,P
994,B
3863,B
671,B
8407,P
700,B
5684,B
1605,B
39960,P
52072,I,
834,B
2932,B
524,B
7473,P
458,B
1213,B
324,B
2727,P
1786,B
9218,B
1219,B
40447,P
977,B
3798,B
680,B
8552,P
718,B
6011,B
3364,B
41012,P
1093,B
3989,B
683,B
9122,P
631,B
2041,B
562,B
4102,P
51627,I,
943,B
3184,B
521,B
8090,P
480,B
1313,B
349,B
3071,P
1578,B
10172,B
1334,B
40169,P
1036,B
3720,B
675,B
8272,P
741,B
5689,B
1589,B
39867,P
1126,B
4320,B
785,B
9720,P
664,B
2079,B
532,B
4246,P
53031,I,
2285,B
9094,B
1102,B
40679,P
970,B
3630,B
647,B
8210,P
698,B
5496,B
3278,B
40050,P
998,B
3994,B
696,B
8484,P
610,B
1822,B
527,B
3788,P
2764,B
9492,B
1119,B
39521,P
995,B
3786,B
680,B
8112,P
52569,I,
3624,B
9847,B
1314,B
40482,P
978,B
3713,B
614,B
8414,P
675,B
5281,B
936,B
38963,P
1058,B
4041,B
706,B
9241,P
656,B
2015,B
525,B
4202,P
1727,B
10560,B
1291,B
40104,P
993,B
3860,B
705,B
8567,P
52912,I,
869,B
8943,B
3231,B
40755,P
958,B
3853,B
614,B
8738,P
590,B
2759,B
1915,B
11234,P
6085,B
16248,B
2268,B
41746,P
1030,B
4203,B
737,B
9674,P
742,B
6667,B
3952,B
41915,P
1073,B
4173,B
761,B
9158,P
51953,I,
821,B
8484,B
1273,B
40313,P
1136,B
4112,B
763,B
9556,P
755,B
2150,B
566,B
4559,P
1672,B
11042,B
1267,B
39798,P
984,B
3872,B
655,B
8564,P
750,B
6404,B
1460,B
38968,P
1286,B
4644,B
861,B
10999,P
50554,I,
863,B
2918,B
439,B
8265,P
2382,B
9229,B
1069,B
38801,P
947,B
3566,B
608,B
7913,P
713,B
6218,B
3317,B
38989,P
1034,B
3921,B
727,B
8978,P
644,B
1997,B
546,B
4254,P
2315,B
9479,B
1153,B
40065,P
51453,I,
716,B
2849,B
428,B
7008,P
1548,B
9939,B
1301,B
39445,P
945,B
3718,B
603,B
7961,P
658,B
5648,B
1223,B
39313,P
1079,B
4185,B
897,B
9822,P
692,B
2067,B
553,B
4231,P
2250,B
10038,B
1276,B
39660,P
52130,I,
751,B
2811,B
419,B
6952,P
486,B
4282,B
3294,B
40297,P
1282,B
4110,B
764,B
9021,P
633,B
1829,B
584,B
3830,P
2589,B
8989,B
1171,B
39655,P
1003,B
3661,B
709,B
8198,P
820,B
6279,B
2810,B
39868,P
52223,I,
976,B
3617,B
657,B
9050,P
675,B
5568,B
2058,B
40973,P
1145,B
4364,B
767,B
9912,P
821,B
2609,B
739,B
5595,P
2117,B
10625,B
1369,B
40500,P
1108,B
8234,P
690,B
3589,P
704,B
4686,B
1437,B
40249,P
51882,I,
826,B
2932,B
450,B
7296,P
473,B
1480,B
421,B
3938,P
4006,B
10260,B
1199,B
41387,P
1066,B
4007,B
763,B
8692,P
829,B
6829,B
4236,B
40219,P
1156,B
4407,B
778,B
9358,P
772,B
2557,B
820,B
5486,P
50743,I,
1029,B
3843,B
647,B
9725,P
499,B
1584,B
334,B
3705,P
1624,B
9851,B
1264,B
39714,P
975,B
3756,B
651,B
8286,P
718,B
5816,B
1290,B
39852,P
1208,B
4255,B
759,B
9570,P
778,B
2234,B
575,B
4803,P
52958,I,
2135,B
9445,B
1124,B
40531,P
1019,B
3691,B
665,B
8084,P
715,B
5580,B
2678,B
39665,P
1011,B
3875,B
671,B
8480,P
622,B
1943,B
519,B
4191,P
2210,B
9344,B
1127,B
39673,P
984,B
3831,B
699,B
8257,P
52199,I,
3302,B
9970,B
1309,B
40232,P
948,B
3792,B
610,B
8291,P
667,B
5220,B
1193,B
38892,P
1070,B
4041,B
694,B
9194,P
615,B
2020,B
528,B
4197,P
1541,B
10246,B
1302,B
38919,P
971,B
3858,B
652,B
8492,P
52467,I,
818,B
7856,B
3206,B
39852,P
1014,B
3921,B
641,B
8673,P
598,B
1852,B
521,B
4031,P
2413,B
9214,B
1103,B
40011,P
986,B
3833,B
687,B
8214,P
2364,B
13238,B
7270,B
41673,P
1479,B
5023,B
781,B
13695,P
51734,I,
916,B
8644,B
1224,B
41777,P
1091,B
4215,B
696,B
9426,P
656,B
2103,B
578,B
4472,P
1970,B
10212,B
1349,B
40106,P
1024,B
4066,B
714,B
8620,P
785,B
5637,B
1291,B
39837,P
1104,B
4228,B
769,B
9330,P
52047,I,
679,B
2617,B
384,B
6588,P
2871,B
9597,B
1139,B
40037,P
1002,B
3964,B
666,B
8810,P
649,B
5302,B
3423,B
39393,P
937,B
3742,B
603,B
8348,P
600,B
1884,B
481,B
3889,P
2181,B
8983,B
1147,B
39973,P
52060,I,
687,B
2688,B
404,B
6802,P
1722,B
11072,B
1404,B
39804,P
1030,B
3921,B
689,B
8712,P
779,B
5617,B
1201,B
38839,P
1070,B
4164,B
672,B
9285,P
642,B
2041,B
513,B
4253,P
1548,B
10468,B
1292,B
39927,P
51795,I,
768,B
2806,B
447,B
7040,P
521,B
4749,B
3132,B
40033,P
1031,B
3791,B
645,B
8351,P
642,B
1908,B
526,B
3886,P
2178,B
9561,B
1118,B
39984,P
973,B
3744,B
636,B
8219,P
705,B
5229,B
3096,B
39272,P
51743,I,
750,B
2901,B
429,B
6980,P
473,B
4231,B
1057,B
39184,P
1101,B
4079,B
675,B
9413,P
633,B
1784,B
468,B
4069,P
1830,B
10069,B
1346,B
39334,P
1042,B
4174,B
708,B
8786,P
725,B
6053,B
1115,B
39616,P
51142,I,
833,B
2942,B
464,B
7311,P
456,B
1325,B
378,B
3051,P
2134,B
9639,B
1135,B
39998,P
961,B
3708,B
603,B
8074,P
675,B
5926,B
3276,B
39912,P
1001,B
3932,B
743,B
8583,P
659,B
1848,B
526,B
4039,P
50748,I,
904,B
3020,B
463,B
7700,P
457,B
1297,B
361,B
2957,P
1641,B
9964,B
1305,B
39378,P
956,B
3786,B
730,B
8270,P
753,B
5407,B
1417,B
38514,P
1123,B
4351,B
694,B
9517,P
664,B
2033,B
516,B
4374,P
52270,I,
2384,B
9134,B
1072,B
40302,P
980,B
3779,B
680,B
8276,P
735,B
5858,B
2921,B
39723,P
1063,B
4000,B
698,B
8636,P
694,B
2004,B
549,B
4217,P
2616,B
9387,B
1159,B
39508,P
1024,B
3875,B
662,B
8493,P
52249,I,
3031,B
10426,B
1289,B
39557,P
986,B
3636,B
589,B
8206,P
691,B
5311,B
1158,B
38492,P
1136,B
4269,B
691,B
9299,P
685,B
2074,B
528,B
4246,P
1896,B
10557,B
1317,B
39653,P
968,B
3799,B
642,B
8340,P
52027,I,
798,B
8236,B
3293,B
40239,P
1034,B
3829,B
670,B
8415,P
661,B
1955,B
563,B
4003,P
2415,B
9026,B
1196,B
38674,P
1054,B
3908,B
685,B
8393,P
721,B
5749,B
3260,B
39677,P
1047,B
3937,B
692,B
8526,P
51908,I,
901,B
10535,B
4704,B
40233,P
3101,B
6561,B
906,B
16281,P
797,B
2642,B
602,B
6271,P
2269,B
10420,B
1428,B
40955,P
1045,B
3965,B
666,B
8626,P
751,B
5800,B
1177,B
39658,P
1143,B
4396,B
771,B
9454,P
51727,I,
754,B
2744,B
403,B
6774,P
2023,B
8774,B
1108,B
38813,P
1043,B
3859,B
716,B
8462,P
751,B
5825,B
3235,B
39732,P
1065,B
4135,B
758,B
8719,P
669,B
2025,B
529,B
3977,P
2769,B
9230,B
1084,B
39578,P
51982,I,
792,B
2716,B
412,B
7007,P
1690,B
10015,B
1294,B
39616,P
947,B
3660,B
632,B
8205,P
691,B
5098,B
1029,B
39354,P
1065,B
4237,B
713,B
9190,P
679,B
2067,B
562,B
4446,P
1791,B
10094,B
1316,B
39996,P
51733,I,
774,B
2646,B
429,B
6648,P
491,B
3660,B
2895,B
38854,P
1054,B
3798,B
734,B
8570,P
656,B
1870,B
544,B
3885,P
2394,B
9185,B
1130,B
39107,P
988,B
3719,B
682,B
8116,P
749,B
5368,B
3046,B
38961,P
51069,I,
776,B
2760,B
461,B
6868,P
523,B
4513,B
1259,B
39242,P
1163,B
4047,B
716,B
9425,P
693,B
2002,B
541,B
4038,P
1806,B
10674,B
1282,B
39134,P
1002,B
3843,B
659,B
8032,P
691,B
6096,B
1551,B
38964,P
51466,I,
797,B
2950,B
476,B
7115,P
435,B
1207,B
332,B
2809,P
2372,B
9284,B
1072,B
39607,P
958,B
3697,B
625,B
8222,P
681,B
5423,B
3039,B
39010,P
984,B
3765,B
692,B
8233,P
631,B
2003,B
499,B
4058,P
50756,I,
987,B
3241,B
507,B
8095,P
495,B
1392,B
335,B
3261,P
1541,B
9964,B
1300,B
39400,P
1006,B
3819,B
651,B
8220,P
702,B
5603,B
1295,B
38945,P
1070,B
4323,B
718,B
9327,P
699,B
2118,B
545,B
4452,P
52708,I,
2289,B
9198,B
1167,B
40082,P
1015,B
3692,B
631,B
8279,P
689,B
5269,B
3148,B
39346,P
1050,B
4086,B
716,B
9028,P
688,B
2092,B
550,B
4187,P
2644,B
9403,B
1135,B
39842,P
1018,B
3829,B
709,B
8392,P
52403,I,
3144,B
10233,B
1246,B
40154,P
925,B
3657,B
618,B
8113,P
682,B
5898,B
1763,B
39022,P
1079,B
4110,B
687,B
9245,P
613,B
1915,B
494,B
4140,P
1999,B
10352,B
1291,B
39744,P
996,B
3833,B
692,B
8422,P
52364,I,
832,B
8104,B
3175,B
39314,P
1081,B
3966,B
740,B
8701,P
699,B
1880,B
521,B
4008,P
2710,B
9226,B
1137,B
39703,P
996,B
4012,B
688,B
8679,P
733,B
5685,B
3126,B
40092,P
1049,B
3898,B
661,B
8598,P
52291,I,
837,B
7617,B
1025,B
39794,P
1033,B
4098,B
665,B
9080,P
609,B
2252,B
544,B
6867,P
5678,B
17433,B
3524,B
42285,P
1190,B
4403,B
765,B
10721,P
817,B
6699,B
1624,B
40699,P
1109,B
4065,B
740,B
9319,P
50295,I,
697,B
2697,B
418,B
6683,P
2539,B
9297,B
1068,B
39961,P
941,B
3665,B
660,B
7853,P
696,B
5407,B
2987,B
38793,P
988,B
3659,B
616,B
8420,P
620,B
1831,B
538,B
3850,P
2620,B
9458,B
1064,B
39383,P
51253,I,
724,B
2705,B
395,B
6789,P
2213,B
9961,B
1316,B
40169,P
1033,B
3726,B
702,B
8257,P
769,B
5334,B
1387,B
39375,P
1129,B
4389,B
764,B
9437,P
711,B
2140,B
548,B
4473,P
1763,B
10082,B
1304,B
39075,P
52064,I,
763,B
2684,B
397,B
6881,P
459,B
4357,B
2908,B
39168,P
1020,B
3941,B
672,B
8505,P
583,B
1786,B
456,B
3762,P
2923,B
9469,B
1094,B
39240,P
970,B
3787,B
652,B
8039,P
719,B
5644,B
2967,B
38953,P
51180,I,
790,B
2706,B
419,B
6954,P
484,B
3834,B
906,B
38426,P
1055,B
4095,B
711,B
9498,P
645,B
1948,B
545,B
4212,P
1826,B
10070,B
1307,B
38912,P
974,B
3772,B
735,B
8469,P
761,B
5762,B
1701,B
40189,P
51443,I,
803,B
3006,B
513,B
7537,P
478,B
1357,B
341,B
3115,P
2487,B
8869,B
1005,B
39498,P
901,B
3654,B
613,B
7801,P
651,B
6131,B
2906,B
39575,P
1006,B
3936,B
740,B
8665,P
700,B
2017,B
592,B
4152,P
50696,I,
972,B
3130,B
511,B
8115,P
504,B
1417,B
378,B
3148,P
1491,B
9990,B
1330,B
39195,P
1078,B
3896,B
704,B
8576,P
760,B
5093,B
1216,B
38271,P
1065,B
4112,B
712,B
8958,P
699,B
2013,B
511,B
4195,P
52025,I,
2199,B
9265,B
1110,B
40509,P
968,B
3671,B
650,B
8060,P
719,B
5832,B
3177,B
39151,P
1030,B
3829,B
716,B
8366,P
604,B
1883,B
547,B
3757,P
2373,B
9110,B
1111,B
40308,P
983,B
3701,B
643,B
8105,P
52357,I,
3121,B
10479,B
1283,B
39862,P
990,B
3653,B
730,B
8463,P
738,B
5968,B
1474,B
39550,P
1055,B
4137,B
717,B
9037,P
696,B
1896,B
575,B
4093,P
1611,B
10759,B
1290,B
39828,P
978,B
3732,B
642,B
8248,P
51696,I,
786,B
7820,B
3044,B
39245,P
980,B
3671,B
635,B
8322,P
589,B
1748,B
516,B
3650,P
2514,B
9318,B
1112,B
38818,P
969,B
3518,B
623,B
8007,P
680,B
5870,B
2772,B
39126,P
1005,B
3827,B
629,B
8406,P
51992,I,
829,B
8298,B
966,B
39668,P
1088,B
4030,B
686,B
9234,P
659,B
1948,B
513,B
4050,P
1598,B
10115,B
1236,B
39604,P
949,B
3706,B
615,B
8182,P
730,B
7589,B
4632,B
39085,P
3215,B
6787,B
922,B
16393,P
50778,I,
763,B
2978,B
468,B
7795,P
2577,B
10096,B
1318,B
41618,P
970,B
3938,B
744,B
8687,P
741,B
6347,B
3357,B
40273,P
1010,B
3838,B
672,B
8568,P
654,B
2017,B
582,B
4130,P
2569,B
9287,B
1134,B
39329,P
51568,I,
786,B
2662,B
435,B
6951,P
1558,B
10499,B
1321,B
38839,P
1005,B
3797,B
690,B
8391,P
795,B
5680,B
1288,B
39234,P
1202,B
4682,B
926,B
10759,P
826,B
2517,B
630,B
5162,P
1574,B
10391,B
1346,B
39783,P
51035,I,
742,B
2712,B
412,B
6833,P
490,B
4780,B
3059,B
39650,P
949,B
3673,B
599,B
8190,P
583,B
1820,B
453,B
3687,P
2476,B
8912,B
1128,B
38480,P
993,B
3695,B
690,B
8086,P
738,B
5587,B
3459,B
38941,P
51317,I,
825,B
2871,B
446,B
7094,P
468,B
4459,B
1166,B
38908,P
1042,B
4049,B
682,B
9198,P
613,B
1889,B
507,B
4058,P
1952,B
9661,B
1305,B
39094,P
1012,B
3752,B
670,B
8076,P
731,B
5597,B
1311,B
38546,P
50817,I,
799,B
2879,B
418,B
7315,P
397,B
1190,B
342,B
2508,P
1998,B
8786,B
1078,B
38246,P
928,B
3588,B
604,B
7973,P
645,B
4995,B
3063,B
38452,P
1002,B
3857,B
649,B
8312,P
668,B
1905,B
519,B
3819,P
50447,I,
923,B
3308,B
533,B
8221,P
479,B
1286,B
371,B
3119,P
1355,B
9958,B
1247,B
38889,P
910,B
3767,B
626,B
8001,P
700,B
6209,B
1600,B
38700,P
1180,B
4223,B
715,B
9245,P
656,B
2028,B
540,B
4213,P
51787,I,
2302,B
9174,B
1165,B
39801,P
939,B
3694,B
677,B
8101,P
735,B
5364,B
3047,B
39315,P
1018,B
3972,B
685,B
8409,P
638,B
2100,B
582,B
4295,P
2204,B
9158,B
1199,B
39201,P
973,B
3891,B
818,B
8857,P
52240,I,
3511,B
10229,B
1229,B
40360,P
941,B
3879,B
706,B
8769,P
765,B
6121,B
1503,B
39461,P
1157,B
4449,B
807,B
9879,P
861,B
2671,B
716,B
5712,P
2003,B
10373,B
1452,B
39002,P
1170,B
7892,P
51085,I,
784,B
2751,B
457,B
7005,P
2608,B
9129,B
1128,B
39701,P
957,B
3561,B
699,B
8261,P
682,B
5507,B
3435,B
38706,P
1022,B
3732,B
690,B
8504,P
626,B
1876,B
531,B
3898,P
2100,B
9426,B
1186,B
38617,P
51649,I,
1857,B
8827,B
980,B
39989,P
3182,B
39412,P
1195,B
8598,P
684,B
2049,B
546,B
4301,P
634,B
4296,B
1302,B
38430,P
1076,B
4002,B
712,B
9190,P
667,B
2345,B
550,B
6752,P
5131,B
17239,B
3307,B
41429,P
50255,I,
864,B
3149,B
516,B
8222,P
589,B
4845,B
3420,B
40347,P
1057,B
3905,B
681,B
8707,P
628,B
1949,B
514,B
4098,P
2380,B
8929,B
1130,B
39689,P
962,B
3722,B
688,B
8059,P
781,B
5763,B
3286,B
39099,P
50802,I,
799,B
2802,B
437,B
7190,P
519,B
3788,B
1042,B
39113,P
1104,B
3939,B
691,B
8976,P
594,B
1749,B
480,B
3934,P
2161,B
9800,B
1262,B
39087,P
1006,B
3886,B
699,B
8571,P
749,B
6135,B
1610,B
38693,P
50246,I,
827,B
2683,B
431,B
7166,P
390,B
1169,B
297,B
2624,P
2972,B
10126,B
1100,B
39467,P
944,B
3601,B
631,B
7997,P
720,B
5205,B
3022,B
37984,P
1018,B
3849,B
676,B
8321,P
661,B
1862,B
521,B
3979,P
49726,I,
969,B
3077,B
528,B
8168,P
451,B
1238,B
316,B
2862,P
1690,B
9563,B
1297,B
38122,P
1973,B
6236,B
1414,B
12809,P
1122,B
7072,B
1794,B
39455,P
1201,B
4449,B
861,B
9744,P
692,B
2064,B
511,B
4301,P
50772,I,
2024,B
9041,B
1046,B
39610,P
963,B
3758,B
679,B
8376,P
688,B
5027,B
3892,B
39663,P
1020,B
3903,B
677,B
8326,P
641,B
1930,B
551,B
3867,P
2246,B
9135,B
1106,B
39179,P
969,B
3805,B
648,B
8055,P
51428,I,
3157,B
10245,B
1279,B
39655,P
957,B
3755,B
611,B
8078,P
675,B
5448,B
1256,B
38999,P
1042,B
3947,B
681,B
9080,P
660,B
1816,B
484,B
3878,P
1577,B
9621,B
1316,B
37604,P
993,B
3826,B
668,B
8293,P
50975,I,
766,B
8859,B
2714,B
39985,P
933,B
3709,B
659,B
8216,P
601,B
1811,B
506,B
3690,P
2880,B
9736,B
1056,B
39290,P
905,B
3474,B
577,B
7747,P
670,B
4996,B
2584,B
37839,P
991,B
3846,B
647,B
8440,P
51119,I,
785,B
8646,B
1532,B
39427,P
1097,B
3895,B
689,B
9009,P
648,B
1999,B
541,B
4329,P
1891,B
10678,B
1252,B
39100,P
965,B
3755,B
632,B
8029,P
688,B
6475,B
1691,B
39095,P
1102,B
4047,B
763,B
9237,P
51060,I,
672,B
2616,B
372,B
6458,P
2756,B
9621,B
1080,B
39832,P
930,B
3580,B
645,B
7745,P
676,B
5017,B
3086,B
38764,P
1015,B
3846,B
647,B
8374,P
620,B
1899,B
491,B
3919,P
2140,B
9219,B
1056,B
38147,P
50965,I,
692,B
2623,B
378,B
6559,P
1504,B
9913,B
1235,B
38070,P
913,B
3572,B
579,B
7957,P
681,B
6002,B
1484,B
38613,P
1088,B
4149,B
666,B
9258,P
633,B
1946,B
523,B
4095,P
1821,B
10123,B
1283,B
38657,P
50248,I,
847,B
2839,B
403,B
7033,P
461,B
4196,B
2888,B
38238,P
976,B
3670,B
624,B
8388,P
601,B
1719,B
514,B
3561,P
2099,B
8587,B
1090,B
37812,P
960,B
3713,B
704,B
7919,P
746,B
5269,B
3664,B
38548,P
50461,I,
772,B
2715,B
397,B
6958,P
441,B
4651,B
1226,B
38437,P
1122,B
3882,B
678,B
9091,P
631,B
1860,B
516,B
4000,P
1577,B
9798,B
1257,B
38070,P
937,B
3707,B
647,B
8067,P
704,B
5312,B
1269,B
38347,P
50605,I,
872,B
3297,B
587,B
7907,P
463,B
1353,B
364,B
3014,P
2907,B
9272,B
1094,B
38709,P
921,B
3572,B
660,B
8007,P
878,B
5379,B
3208,B
37571,P
998,B
3856,B
762,B
8369,P
692,B
1948,B
551,B
3817,P
49416,I,
972,B
3149,B
502,B
7952,P
430,B
1254,B
337,B
2927,P
1550,B
10405,B
1230,B
38653,P
947,B
3421,B
586,B
7712,P
681,B
6444,B
1298,B
37865,P
1120,B
4076,B
686,B
9287,P
645,B
1957,B
593,B
4205,P
51070,I,
2192,B
8911,B
1068,B
38736,P
950,B
3815,B
654,B
8009,P
745,B
5343,B
3121,B
38454,P
997,B
3980,B
737,B
8410,P
684,B
1965,B
552,B
3931,P
3621,B
39478,P
