29339,I,
3117,B
11162,B
2786,B
15160,P
11398,B
42940,P
2041,B
10214,P
1452,B
7694,P
2018,B
6952,P
1825,B
8537,B
2471,B
41466,P
2035,B
10091,P
1398,B
5178,P
1249,B
2216,B
1197,B
3717,P
2402,B
11577,B
2235,B
40071,P
59510,I,
1817,B
4809,B
1457,B
8560,P
1382,B
4012,P
3552,B
40087,P
2013,B
9515,P
1198,B
21881,P
857,B
13639,P
490,B
4382,P
2543,B
17484,B
1617,B
56733,P
1447,B
7878,B
1198,B
17216,P
1273,B
9298,B
2759,B
61055,P
81847,I,
1253,B
4698,B
727,B
11138,P
832,B
5754,B
1133,B
61763,P
1217,B
4699,B
933,B
12690,P
795,B
2935,B
659,B
6565,P
1539,B
12820,B
2201,B
61061,P
1060,B
27536,B
2070,B
28609,P
2153,B
28442,B
1982,B
90240,P
110561,I,
966,B
4343,B
552,B
14088,P
589,B
2123,B
476,B
4606,P
3638,B
32026,B
2580,B
75787,P
1031,B
6434,B
766,B
31525,P
1756,B
14288,B
6247,B
74388,P
1009,B
6418,B
731,B
30898,P
645,B
3099,B
529,B
6916,P
102858,I,
1260,B
5128,B
1348,B
12302,P
2418,B
27351,B
2436,B
19980,P
5453,B
37450,B
4524,B
111555,P
2235,B
15216,B
2187,B
35985,P
2913,B
19962,B
3101,B
109787,P
2636,B
15875,B
2364,B
37503,P
1914,B
11348,B
1657,B
16813,P
146580,I,
5412,B
35487,B
4038,B
109853,P
2155,B
14687,B
2091,B
34827,P
2828,B
20126,B
8659,B
109749,P
2466,B
15561,B
2291,B
36421,P
1873,B
11247,B
1570,B
16579,P
5463,B
35987,B
4076,B
108623,P
2257,B
15607,B
2199,B
35854,P
145158,I,
4871,B
36927,B
4368,B
108890,P
2305,B
14790,B
2063,B
35073,P
2967,B
19742,B
2898,B
108729,P
2428,B
15364,B
2267,B
37059,P
1876,B
10750,B
1546,B
16229,P
3442,B
37356,B
4476,B
109086,P
2295,B
15490,B
2226,B
35512,P
145054,I,
2269,B
18912,B
8561,B
109863,P
2361,B
15283,B
2150,B
35660,P
1822,B
10657,B
1523,B
15979,P
5301,B
35201,B
4029,B
107709,P
2102,B
15038,B
2178,B
34838,P
2909,B
19820,B
8504,B
109010,P
2359,B
15396,B
2151,B
35877,P
144980,I,
2237,B
18982,B
2650,B
109096,P
3277,B
15277,B
2787,B
26777,P
2641,B
11437,B
2333,B
16052,P
4754,B
36670,B
4531,B
107455,P
2328,B
15225,B
2222,B
35359,P
2937,B
19363,B
3065,B
107882,P
2442,B
15864,B
2208,B
37554,P
145063,I,
1503,B
8098,B
1283,B
13669,P
5125,B
35466,B
4040,B
108809,P
2350,B
14978,B
2199,B
35387,P
2890,B
19589,B
8653,B
109306,P
2402,B
15289,B
2337,B
36024,P
1855,B
10828,B
1595,B
15786,P
5930,B
35986,B
4016,B
108874,P
155002,I,
1326,B
7741,B
905,B
15823,P
2153,B
37021,B
4539,B
109417,P
3079,B
14963,B
2749,B
25277,P
3494,B
27423,B
3347,B
108513,P
2474,B
15444,B
2197,B
37186,P
1833,B
10769,B
1518,B
16379,P
3561,B
37048,B
4313,B
107329,P
154030,I,
1313,B
7814,B
848,B
15686,P
1078,B
9679,B
6535,B
107802,P
3144,B
14793,B
2569,B
24873,P
2423,B
11055,B
2151,B
15434,P
5462,B
35804,B
4179,B
109130,P
2320,B
15409,B
2267,B
35800,P
3014,B
20106,B
8576,B
108865,P
154599,I,
1359,B
8011,B
966,B
16403,P
1168,B
10320,B
1377,B
107718,P
3510,B
25391,B
13658,B
53192,P
10518,B
22251,B
3301,B
51055,P
5622,B
28836,B
4232,B
118477,P
2208,B
13765,B
2188,B
27044,P
2982,B
17494,B
3307,B
107369,P
151985,I,
1337,B
7408,B
904,B
13341,P
796,B
5665,B
796,B
8412,P
5345,B
24391,B
4329,B
108387,P
2210,B
14669,B
2073,B
34307,P
2729,B
18969,B
8845,B
108900,P
2517,B
15296,B
2302,B
36458,P
1953,B
10958,B
1570,B
16131,P
144518,I,
1883,B
8854,B
1493,B
16443,P
1390,B
6982,B
1219,B
10035,P
3493,B
36697,B
4325,B
108808,P
2403,B
15165,B
2171,B
35312,P
2878,B
19431,B
3057,B
106667,P
2469,B
15299,B
2212,B
36696,P
1962,B
10777,B
1635,B
16165,P
144379,I,
5195,B
34723,B
3920,B
107731,P
2099,B
14914,B
2145,B
34895,P
2833,B
19294,B
8297,B
106671,P
2215,B
14965,B
2170,B
34807,P
1748,B
10600,B
1509,B
15763,P
5269,B
35278,B
3999,B
108588,P
2156,B
15139,B
2071,B
34959,P
145214,I,
4771,B
36594,B
4364,B
109273,P
2292,B
15096,B
2213,B
34916,P
2874,B
19669,B
2899,B
109260,P
2509,B
15821,B
2342,B
37674,P
1894,B
10806,B
1594,B
16317,P
4004,B
37235,B
4583,B
107985,P
2267,B
15593,B
2237,B
35791,P
144173,I,
2350,B
18900,B
8486,B
108966,P
2334,B
14910,B
2208,B
34994,P
1867,B
11009,B
1546,B
17066,P
5493,B
35627,B
4288,B
108637,P
2310,B
15499,B
2306,B
35188,P
2980,B
19950,B
8465,B
108693,P
2257,B
15127,B
2148,B
35733,P
145281,I,
2263,B
19207,B
2387,B
109300,P
3339,B
15166,B
2863,B
26566,P
2735,B
11503,B
2427,B
15645,P
5160,B
37142,B
4386,B
108200,P
2413,B
15365,B
2229,B
36002,P
2968,B
19812,B
3297,B
108137,P
2483,B
15840,B
2351,B
37392,P
144989,I,
1375,B
7801,B
1189,B
13211,P
5093,B
35334,B
4145,B
108413,P
2409,B
15153,B
2304,B
34999,P
3007,B
19536,B
8433,B
108511,P
2481,B
15238,B
2215,B
36009,P
1847,B
10756,B
1531,B
15796,P
5553,B
35623,B
4141,B
109462,P
154031,I,
1312,B
7625,B
932,B
15678,P
2146,B
36328,B
4214,B
107939,P
3195,B
14750,B
2732,B
24513,P
3408,B
27288,B
3234,B
106624,P
2469,B
15275,B
2158,B
37568,P
1827,B
10727,B
1541,B
15954,P
3541,B
36485,B
4309,B
107498,P
153367,I,
1259,B
7572,B
922,B
15905,P
1112,B
8226,B
6923,B
106688,P
3074,B
14665,B
2586,B
25239,P
2421,B
11206,B
2204,B
15126,P
5420,B
35481,B
3848,B
106938,P
2228,B
15196,B
2231,B
35274,P
2840,B
19551,B
8198,B
106531,P
152345,I,
1278,B
7550,B
822,B
15599,P
1066,B
9514,B
1271,B
107753,P
3221,B
15242,B
2758,B
26912,P
2490,B
11591,B
2318,B
16303,P
4541,B
42452,B
4618,B
109203,P
15275,B
41312,B
11625,B
64410,P
3689,B
30308,B
5161,B
116843,P
147135,I,
1387,B
7852,B
1003,B
16757,P
899,B
6068,B
794,B
10091,P
5620,B
24163,B
4483,B
106913,P
2209,B
14804,B
2056,B
34202,P
2760,B
19094,B
8193,B
107256,P
2345,B
14923,B
2241,B
35019,P
1848,B
10591,B
1483,B
15738,P
143305,I,
1776,B
8774,B
1424,B
16315,P
1311,B
6980,B
1185,B
10304,P
3251,B
36871,B
4521,B
108773,P
2243,B
14894,B
2109,B
34421,P
2873,B
19174,B
2905,B
107274,P
2526,B
15330,B
2210,B
37291,P
1896,B
10965,B
1576,B
16313,P
144015,I,
5136,B
34460,B
4013,B
107783,P
2243,B
14724,B
2151,B
34479,P
2901,B
19670,B
8605,B
107267,P
2293,B
15008,B
2199,B
35126,P
1878,B
10595,B
1617,B
15997,P
5438,B
34868,B
3890,B
107009,P
2135,B
15191,B
2091,B
34607,P
142908,I,
4565,B
37014,B
4629,B
109120,P
2436,B
15243,B
2298,B
35647,P
3024,B
19638,B
3095,B
107136,P
2410,B
15203,B
2253,B
37025,P
1849,B
10645,B
1589,B
16208,P
3755,B
36546,B
4340,B
107129,P
2250,B
15206,B
2153,B
34880,P
144057,I,
2201,B
18415,B
8339,B
107257,P
2156,B
14753,B
2067,B
35271,P
1764,B
10387,B
1435,B
15707,P
5580,B
35237,B
4115,B
106892,P
2264,B
14991,B
2220,B
35053,P
2929,B
19385,B
8622,B
106714,P
2268,B
15219,B
2131,B
35894,P
143691,I,
2246,B
18769,B
2214,B
107315,P
3413,B
14876,B
2748,B
26352,P
2526,B
11037,B
2232,B
15317,P
4919,B
36311,B
4376,B
106074,P
2247,B
15060,B
2156,B
35011,P
2903,B
19720,B
2871,B
106864,P
2366,B
15247,B
2285,B
37244,P
143244,I,
1799,B
8211,B
1269,B
14148,P
4975,B
34829,B
4001,B
107123,P
2209,B
15016,B
2078,B
34624,P
2713,B
18934,B
8241,B
107443,P
2352,B
14954,B
2146,B
35352,P
1777,B
10564,B
1501,B
15851,P
5119,B
35261,B
4033,B
107439,P
152658,I,
1270,B
7625,B
962,B
15535,P
2255,B
25590,B
4706,B
105896,P
3029,B
14491,B
2620,B
24346,P
3337,B
26994,B
3106,B
106423,P
2311,B
15409,B
2215,B
37335,P
1796,B
10776,B
1540,B
16359,P
3578,B
35930,B
4236,B
107255,P
152648,I,
1303,B
7137,B
747,B
12810,P
1055,B
7961,B
7038,B
106872,P
3077,B
14876,B
2665,B
24696,P
2575,B
11353,B
2275,B
16010,P
5733,B
34629,B
3958,B
107387,P
2360,B
14890,B
2199,B
34556,P
2935,B
19313,B
8804,B
106162,P
151931,I,
1299,B
7476,B
918,B
15580,P
1064,B
8060,B
1423,B
105698,P
3262,B
14913,B
2868,B
26408,P
2681,B
11595,B
2394,B
16770,P
4957,B
36898,B
4418,B
106272,P
2350,B
14821,B
2180,B
35215,P
2863,B
19101,B
3215,B
103917,P
139723,I,
6689,B
29253,B
10966,B
44362,P
3911,B
15375,B
1717,B
35899,P
5427,B
34435,B
4209,B
106923,P
2198,B
14786,B
2145,B
34985,P
3003,B
21462,B
8719,B
106943,P
2523,B
15621,B
2400,B
37324,P
1926,B
10800,B
1643,B
16728,P
139150,I,
1853,B
9046,B
1539,B
17041,P
1344,B
6782,B
1127,B
9935,P
3404,B
38266,B
4661,B
105304,P
2421,B
15196,B
2196,B
35473,P
2981,B
19736,B
3155,B
106140,P
2496,B
15309,B
2344,B
37086,P
1856,B
10759,B
1545,B
15974,P
142003,I,
5467,B
37690,B
4371,B
107590,P
3720,B
16614,B
2596,B
39334,P
3013,B
20665,B
8981,B
106878,P
2281,B
15043,B
2139,B
35268,P
1817,B
10518,B
1471,B
15629,P
4936,B
35142,B
4018,B
105692,P
2343,B
15129,B
2366,B
35131,P
141726,I,
4560,B
36666,B
4496,B
107531,P
2295,B
15117,B
2206,B
35128,P
2933,B
19367,B
3079,B
106738,P
2419,B
15322,B
2263,B
36533,P
1911,B
10750,B
1534,B
16094,P
3687,B
36013,B
4149,B
106164,P
2286,B
15025,B
2800,B
37210,P
142542,I,
2237,B
18772,B
8479,B
106687,P
2239,B
14818,B
2135,B
35128,P
1773,B
10464,B
1505,B
15220,P
5066,B
34690,B
4186,B
105963,P
2267,B
14952,B
2200,B
34474,P
3257,B
20288,B
8282,B
104975,P
2374,B
15256,B
2251,B
35193,P
142162,I,
2242,B
18514,B
2443,B
106458,P
3126,B
14913,B
2683,B
26103,P
2560,B
11399,B
2219,B
15699,P
4480,B
35999,B
4160,B
106696,P
2192,B
14952,B
2116,B
34667,P
2897,B
19040,B
2803,B
105388,P
2432,B
14851,B
2194,B
36208,P
142650,I,
1476,B
7979,B
1184,B
13441,P
5132,B
34010,B
4035,B
106808,P
2270,B
14512,B
2070,B
33795,P
2801,B
18725,B
8407,B
105489,P
2276,B
15130,B
2261,B
35164,P
1810,B
10531,B
1464,B
15578,P
5162,B
34390,B
4013,B
105996,P
151706,I,
1299,B
7505,B
905,B
15291,P
2044,B
25594,B
3805,B
106021,P
3144,B
14589,B
2679,B
24397,P
3314,B
26855,B
3311,B
105513,P
2445,B
15451,B
2251,B
36851,P
1869,B
10599,B
1489,B
15917,P
3547,B
36472,B
4315,B
106161,P
151778,I,
1293,B
7045,B
788,B
12232,P
933,B
7784,B
6609,B
104951,P
3110,B
14360,B
2697,B
24340,P
2516,B
10938,B
2219,B
15381,P
5353,B
34899,B
3881,B
106445,P
2232,B
14852,B
2139,B
34387,P
2845,B
19544,B
8829,B
104970,P
149880,I,
1304,B
7511,B
880,B
16107,P
929,B
7981,B
1264,B
103404,P
3170,B
14864,B
2704,B
25760,P
2507,B
11035,B
2225,B
15554,P
4384,B
36531,B
4491,B
105817,P
2364,B
15063,B
2203,B
34847,P
6023,B
27294,B
7070,B
107530,P
149678,I,
1635,B
8192,B
979,B
19158,P
839,B
6105,B
723,B
9947,P
7201,B
57278,B
8042,B
112173,P
11324,B
35425,B
6674,B
56675,P
3081,B
24315,B
7726,B
116312,P
2596,B
16377,B
4330,B
34300,P
2336,B
11010,B
1664,B
18238,P
139164,I,
1720,B
8565,B
1382,B
15661,P
1280,B
8239,B
2056,B
13100,P
4144,B
39640,B
5723,B
106772,P
2330,B
15065,B
2192,B
37318,P
2871,B
19387,B
3031,B
107115,P
2310,B
15052,B
2139,B
36620,P
1838,B
10525,B
1488,B
15943,P
142138,I,
5074,B
34981,B
4116,B
108431,P
2269,B
15298,B
2135,B
36768,P
5898,B
27307,B
13206,B
107060,P
4057,B
20260,B
3808,B
43704,P
1884,B
11180,B
1583,B
17397,P
5261,B
35719,B
4161,B
107765,P
2298,B
15021,B
2228,B
35225,P
142547,I,
4761,B
36091,B
4383,B
105798,P
2345,B
14514,B
2137,B
34383,P
2910,B
19059,B
2941,B
104799,P
3479,B
15131,B
2855,B
26095,P
2672,B
11420,B
2446,B
15971,P
5029,B
42608,B
7171,B
106623,P
2372,B
15345,B
2297,B
36409,P
142001,I,
2227,B
18539,B
8273,B
107144,P
2365,B
14818,B
2243,B
35022,P
1859,B
10430,B
1479,B
15718,P
5418,B
35053,B
4260,B
106657,P
2237,B
15196,B
2177,B
35108,P
2994,B
19697,B
8844,B
105981,P
2257,B
15210,B
2203,B
35610,P
142106,I,
2188,B
18411,B
2273,B
105806,P
3281,B
14921,B
2772,B
26184,P
2658,B
11396,B
2362,B
16258,P
4619,B
36512,B
4509,B
106856,P
2333,B
15136,B
2292,B
35265,P
2981,B
19790,B
3235,B
107331,P
2481,B
15428,B
2303,B
37227,P
141933,I,
1514,B
7836,B
1272,B
13500,P
5132,B
34312,B
3985,B
106315,P
2402,B
14500,B
2169,B
34394,P
2776,B
18837,B
8978,B
105315,P
2345,B
14778,B
2134,B
35013,P
1872,B
10702,B
1573,B
15746,P
5034,B
34852,B
4067,B
105848,P
150604,I,
1209,B
7715,B
890,B
16116,P
2132,B
26652,B
4919,B
107252,P
3180,B
14639,B
2716,B
24842,P
3408,B
27205,B
3250,B
105007,P
2601,B
15303,B
2349,B
36972,P
1845,B
10391,B
1520,B
15470,P
3588,B
36404,B
4441,B
105862,P
150536,I,
1322,B
7275,B
833,B
12886,P
831,B
7653,B
6939,B
103839,P
2969,B
14404,B
2505,B
24540,P
2501,B
11007,B
2222,B
15405,P
4860,B
34437,B
4062,B
105162,P
2262,B
14833,B
2134,B
34460,P
2921,B
18922,B
8399,B
105046,P
149779,I,
1350,B
7834,B
982,B
16227,P
934,B
8536,B
1612,B
104476,P
3386,B
15536,B
2910,B
27411,P
4245,B
34951,B
3942,B
104590,P
7689,B
28885,B
4101,B
115697,P
2802,B
25647,P
1906,B
13499,P
1653,B
12278,B
2139,B
105213,P
141139,I,
1746,B
12934,P
1129,B
7949,P
1048,B
6042,B
1080,B
8578,P
5601,B
56377,B
8324,B
111445,P
12098,B
35320,B
7725,B
56931,P
3457,B
25675,B
7677,B
114372,P
2437,B
13663,B
1957,B
28154,P
1802,B
10548,B
1541,B
15710,P
139373,I,
1859,B
8814,B
1497,B
16219,P
1316,B
6725,B
1238,B
10125,P
3455,B
36219,B
4461,B
106319,P
3317,B
14974,B
2900,B
25144,P
3588,B
27414,B
3330,B
106773,P
2618,B
15327,B
2321,B
36960,P
1926,B
10892,B
1695,B
16533,P
142133,I,
5422,B
35043,B
4192,B
106869,P
2225,B
14647,B
2042,B
33980,P
2785,B
19089,B
8359,B
105483,P
2294,B
14940,B
2219,B
35105,P
1821,B
10370,B
1567,B
15573,P
5100,B
34741,B
4040,B
105218,P
2205,B
14854,B
2099,B
34651,P
141884,I,
4676,B
35928,B
4404,B
107028,P
2357,B
14838,B
2189,B
34478,P
2837,B
19131,B
2633,B
105873,P
3452,B
15081,B
2828,B
26461,P
2703,B
11722,B
2505,B
16279,P
4794,B
36444,B
4312,B
105747,P
2434,B
15121,B
2264,B
35527,P
141792,I,
2200,B
18323,B
8719,B
106979,P
3129,B
14806,B
2649,B
24928,P
2493,B
11090,B
2199,B
15313,P
5174,B
34548,B
4081,B
105543,P
2236,B
14771,B
2212,B
34626,P
2802,B
19145,B
8511,B
104934,P
2344,B
15036,B
2160,B
35038,P
140877,I,
2252,B
18079,B
2169,B
104735,P
3279,B
15211,B
2892,B
26689,P
2721,B
11546,B
2422,B
16078,P
4864,B
36351,B
4380,B
105414,P
2155,B
14976,B
2119,B
34419,P
2850,B
19722,B
3073,B
105766,P
3278,B
15311,B
2879,B
26909,P
141379,I,
1475,B
7663,B
1159,B
12910,P
5022,B
34921,B
4033,B
106324,P
2325,B
14617,B
2162,B
34495,P
2832,B
19005,B
8348,B
104652,P
2366,B
14961,B
2143,B
34784,P
1810,B
10439,B
1534,B
15441,P
5299,B
34748,B
4053,B
105644,P
150259,I,
1263,B
7040,B
880,B
12518,P
2031,B
25598,B
3779,B
104559,P
3204,B
14526,B
2651,B
24313,P
3301,B
26674,B
3222,B
103944,P
3307,B
14841,B
2695,B
26375,P
2509,B
11125,B
2231,B
15605,P
4593,B
36267,B
4343,B
104167,P
150057,I,
1345,B
7491,B
882,B
13374,P
849,B
7961,B
6834,B
104538,P
3108,B
14445,B
2654,B
24597,P
2456,B
10882,B
2334,B
15151,P
5593,B
34697,B
3992,B
104926,P
2424,B
14787,B
2145,B
34850,P
2989,B
19251,B
8552,B
104143,P
150213,I,
1341,B
7581,B
954,B
15591,P
949,B
8255,B
1151,B
104339,P
3263,B
14977,B
2773,B
26210,P
2603,B
11430,B
2355,B
16329,P
4842,B
36746,B
4483,B
104687,P
2430,B
14846,B
2196,B
35322,P
2873,B
19628,B
3062,B
104716,P
138603,I,
1516,B
8007,B
1312,B
14249,P
1140,B
6408,B
1095,B
9353,P
5585,B
23895,B
4498,B
105378,P
2205,B
14636,B
2054,B
34208,P
2734,B
18941,B
8740,B
105173,P
