18073,I,
8772,B
18338,B
8117,B
24719,P
12659,B
27219,P
6996,B
23181,P
10492,B
38230,P
8837,B
20646,P
7548,B
22790,P
6457,B
20085,P
6668,B
19220,P
11226,B
36057,P
8971,B
25544,P
5970,B
17478,P
8149,B
20696,P
7020,B
20619,P
49012,I,
6091,B
19857,P
4085,B
13586,P
6801,B
19596,B
7236,B
26139,P
8037,B
33990,P
8675,B
24974,P
10083,B
22095,P
10591,B
35596,P
8848,B
35720,P
9265,B
56691,P
9296,B
37673,P
9913,B
35410,P
8288,B
31182,P
9723,B
33362,P
77739,I,
13346,B
59267,P
9725,B
37640,P
8418,B
30686,P
9932,B
31726,P
9854,B
34929,P
13065,B
61993,P
9501,B
37478,P
10035,B
34144,P
8649,B
32399,P
8605,B
32664,P
18592,B
59179,P
11008,B
39548,P
9008,B
31447,P
9899,B
34864,P
78338,I,
12459,B
59363,P
7346,B
29695,P
10426,B
31030,B
7833,B
42060,P
8869,B
35551,P
9168,B
70708,P
13164,B
55782,P
12568,B
53247,P
10578,B
40082,B
14155,B
59227,P
14909,B
80792,P
12145,B
49407,P
10764,B
42612,P
111541,I,
9236,B
36606,B
13417,B
53254,P
23394,B
82022,P
15703,B
54639,P
9345,B
42428,P
8086,B
55344,P
27876,B
81276,P
15484,B
52745,P
13718,B
50516,P
14074,B
85379,P
11262,B
44161,P
10144,B
37773,P
13872,B
45783,P
12521,B
47703,P
109633,I,
19890,B
87291,P
12387,B
45696,P
5955,B
29689,B
9201,B
48793,P
14217,B
50266,P
24429,B
86398,P
15207,B
53308,P
10237,B
42630,P
7492,B
26105,B
12757,B
43819,P
27292,B
92961,P
17735,B
68092,P
10311,B
71033,P
141006,I,
11611,B
77140,B
13204,B
105594,P
18797,B
64801,P
13274,B
76685,P
11407,B
51509,P
20579,B
68700,P
23596,B
97786,P
19855,B
83723,P
13466,B
61016,B
16095,B
83802,P
10499,B
70398,P
20513,B
99041,P
21427,B
85762,P
22602,B
85558,P
156171,I,
13776,B
69825,P
16268,B
55316,P
30303,B
106532,P
15681,B
76320,P
19152,B
69645,B
21822,B
97093,P
19113,B
81759,P
34028,B
103719,P
10724,B
72015,P
16103,B
53354,P
17637,B
55304,P
18140,B
64794,P
36272,B
98779,P
24367,B
84946,P
152275,I,
17557,B
75054,P
15789,B
59148,P
21602,B
102287,P
24623,B
86659,P
24216,B
84539,P
14354,B
76809,P
13037,B
54439,P
28503,B
97995,P
24762,B
92687,P
12918,B
68991,P
19051,B
60050,P
14882,B
54484,P
30701,B
102821,P
18773,B
83630,P
162484,I,
10858,B
58268,P
18266,B
60980,P
16837,B
59679,P
35879,B
100833,P
16316,B
79372,P
12331,B
74834,P
14042,B
55230,P
19069,B
62917,P
30975,B
99179,P
23700,B
88064,P
11277,B
64838,P
12794,B
53473,P
13384,B
50586,P
38710,B
98432,P
155698,I,
22547,B
78973,P
12761,B
68003,P
13131,B
54600,P
17316,B
102415,P
24436,B
87001,P
21774,B
80058,P
14377,B
58376,P
14273,B
54942,P
21961,B
87860,B
20337,B
110368,P
26416,B
90369,P
24186,B
85487,P
14617,B
74007,P
31475,B
103132,P
158975,I,
2250,B
26593,P
13140,B
42191,P
18540,B
61311,P
14908,B
55846,P
42217,B
101549,P
16081,B
77271,P
15652,B
78605,P
14986,B
55585,P
14815,B
53915,P
33345,B
103373,P
17764,B
79286,P
13177,B
75110,P
10502,B
45927,P
126036,I,
32550,B
90964,B
24897,B
101691,P
20839,B
84703,P
14375,B
58703,P
8820,B
45967,P
15279,B
90897,P
25203,B
85825,P
18938,B
82766,P
15761,B
60907,P
9162,B
46219,P
18492,B
99395,B
24562,B
98807,P
24538,B
88012,P
40107,B
120627,P
157403,I,
21093,B
74962,P
14815,B
69377,P
17304,B
63282,P
22822,B
103037,P
4375,B
60550,P
7964,B
47455,P
20118,B
65882,P
17831,B
58303,P
31302,B
92439,P
21736,B
83596,P
10929,B
62494,P
21132,B
68840,P
16002,B
59128,P
20837,B
108808,P
161576,I,
10227,B
58938,P
19711,B
60610,P
17281,B
60308,P
21379,B
70178,P
28576,B
106611,P
6359,B
60747,P
3837,B
27843,B
16175,B
51377,P
19191,B
63697,P
39908,B
101673,P
18276,B
80961,P
19482,B
81183,P
16977,B
66086,P
14805,B
59042,P
127360,I,
11162,B
51601,P
13916,B
60413,P
16765,B
62619,P
18969,B
65811,P
27175,B
88202,P
24703,B
83987,P
25619,B
85959,P
14462,B
54194,P
18570,B
59795,P
31126,B
100869,P
23946,B
85491,P
25216,B
82781,P
18410,B
78973,P
15507,B
57147,P
135568,I,
40225,B
104340,P
27763,B
89357,P
21692,B
58941,P
16291,B
62434,P
15449,B
56585,P
29511,B
100030,P
18632,B
77702,P
16844,B
61595,P
18077,B
63599,P
16336,B
54991,P
41208,B
103282,P
17285,B
85638,P
31368,B
103075,P
24778,B
93705,P
166106,I,
27995,B
126354,P
12430,B
64191,P
18131,B
67235,B
23446,B
75391,P
25518,B
90430,P
25411,B
128312,P
18670,B
77498,P
23760,B
86459,P
16828,B
77689,P
20043,B
67352,P
28492,B
99724,P
19360,B
85423,P
26756,B
90629,P
11942,B
71156,P
144569,I,
17796,B
61087,P
28036,B
100242,P
20021,B
83759,P
22502,B
84837,P
18834,B
61817,P
19506,B
64181,P
34450,B
105054,P
23284,B
90034,P
22093,B
81989,P
17329,B
78082,P
20837,B
104636,P
20801,B
83239,P
26427,B
121898,P
21622,B
83184,P
159414,I,
20112,B
76267,P
15530,B
75809,P
17217,B
59972,P
30996,B
99370,P
23909,B
92327,P
13896,B
78282,P
14483,B
57847,P
12052,B
46495,P
37226,B
100722,P
19586,B
86988,P
13263,B
71915,P
10227,B
47192,P
22862,B
66792,B
33556,B
95344,P
153604,I,
22558,B
81591,P
16579,B
76461,P
16366,B
54602,P
31203,B
90575,P
21411,B
84843,P
12392,B
71695,P
20748,B
64369,P
22388,B
71523,P
23345,B
124605,P
18258,B
75220,P
25537,B
87145,P
15921,B
72255,P
18581,B
64272,P
28086,B
99282,P
154883,I,
18610,B
65495,P
15475,B
73792,P
13003,B
50494,P
21445,B
61105,P
37820,B
102708,P
17413,B
78804,P
16294,B
60700,P
17961,B
59075,P
16497,B
58170,P
36063,B
106152,P
20971,B
85557,P
22662,B
86814,P
11809,B
70404,P
143931,I,
32905,B
95952,B
27288,B
107014,P
21625,B
85463,P
17227,B
79606,P
14555,B
55096,P
18722,B
89921,P
26499,B
88034,P
23899,B
84333,P
18658,B
83450,P
15805,B
60467,P
19519,B
93948,P
24359,B
88062,P
21695,B
81149,P
10621,B
65730,P
137374,I,
20742,B
77224,B
36410,B
105072,P
22704,B
87758,P
18846,B
78807,P
21685,B
60369,P
19556,B
66308,P
30966,B
120461,P
16911,B
73760,P
17044,B
82366,P
11595,B
44624,P
17094,B
59383,P
34816,B
104610,P
29021,B
118000,P
25278,B
90667,P
165760,I,
14762,B
64903,P
13267,B
54365,P
13155,B
54768,P
24573,B
108565,P
3843,B
57813,P
5437,B
33457,P
16644,B
51744,B
16351,B
72925,P
37514,B
84130,B
18844,B
108175,P
21673,B
89108,P
21245,B
86027,P
13174,B
73005,P
42305,B
101687,P
157960,I,
18374,B
71812,P
15780,B
67505,P
15770,B
58864,P
29892,B
93043,P
24481,B
88635,P
16070,B
80414,P
16426,B
57633,P
18003,B
59619,P
24844,B
96139,P
23320,B
84316,P
13010,B
69487,P
11004,B
48621,P
9741,B
58737,B
26152,B
93777,P
156046,I,
15829,B
53026,B
10920,B
83117,P
13695,B
52360,P
15282,B
54034,P
26306,B
103589,P
18483,B
79119,P
12556,B
67734,P
17376,B
58186,P
18576,B
66576,P
32686,B
110918,P
23978,B
85259,P
24111,B
82455,P
17291,B
78275,P
13198,B
56605,P
120903,I,
16917,B
61776,P
14959,B
53863,P
15490,B
57923,P
15785,B
58533,P
28942,B
105152,P
21000,B
89191,P
17555,B
74636,P
16601,B
59388,P
24594,B
67510,P
21742,B
125624,P
19467,B
76007,P
21154,B
83061,P
16874,B
79070,P
15880,B
61874,P
134908,I,
33823,B
105089,P
24599,B
88336,P
22305,B
87182,P
13437,B
72130,P
16986,B
56142,P
33645,B
104644,P
19198,B
79145,P
23004,B
84691,P
18763,B
84518,P
11967,B
52562,P
30312,B
98658,P
22656,B
84829,P
17503,B
74856,P
16983,B
63107,P
140926,I,
22193,B
103049,P
23477,B
92097,P
17758,B
78885,P
22666,B
83729,P
14618,B
76189,P
22468,B
101045,P
24002,B
90714,P
10214,B
66391,P
16886,B
50657,B
22008,B
70385,P
30569,B
118285,P
16646,B
72350,P
14172,B
59204,B
22135,B
89566,P
162851,I,
20625,B
76836,P
35955,B
109432,P
21226,B
82506,P
21057,B
80040,P
15663,B
80491,P
21866,B
65130,P
37997,B
130555,P
25968,B
86044,P
24962,B
70997,P
17398,B
76801,P
15384,B
58954,P
40512,B
105374,P
22839,B
82250,P
22070,B
81784,P
162119,I,
12893,B
62349,P
25360,B
95172,P
21054,B
87176,P
12832,B
68184,P
16121,B
58598,P
15609,B
59687,P
24821,B
95955,P
20612,B
84955,P
10056,B
59779,P
18107,B
59492,P
19789,B
68272,P
25700,B
106964,P
20208,B
83450,P
21252,B
81258,P
166323,I,
15033,B
75863,P
15351,B
58011,P
35379,B
105839,P
26974,B
90362,P
23030,B
88363,P
19991,B
62403,P
13255,B
48198,P
29378,B
110870,P
9497,B
66330,P
18138,B
63832,P
17409,B
64120,P
9297,B
66283,P
32737,B
90482,B
20605,B
110210,P
167733,I,
19541,B
75042,P
15632,B
71486,P
22115,B
94047,P
17763,B
85351,P
14033,B
76899,P
13108,B
52878,P
15053,B
57746,P
26100,B
96415,P
18378,B
80610,P
15612,B
79129,P
19427,B
64108,P
15441,B
61891,P
24050,B
104202,P
20985,B
85705,P
162822,I,
20335,B
78204,P
12961,B
65769,P
15413,B
56919,P
35660,B
103314,P
16463,B
77723,P
8213,B
56748,P
16182,B
47878,B
12434,B
69057,P
18264,B
44498,B
5368,B
130199,P
16277,B
75194,P
13607,B
52989,P
15565,B
62236,P
32671,B
111263,P
160324,I,
23190,B
79746,P
12470,B
65160,P
17883,B
56962,P
20478,B
95805,P
22586,B
86749,P
13507,B
74716,P
14180,B
52180,P
18579,B
61646,P
27720,B
97164,P
24216,B
87818,P
23780,B
83997,P
17387,B
57985,P
18068,B
63700,P
24958,B
96700,P
154802,I,
14894,B
62776,P
4624,B
31805,P
17653,B
56964,B
18277,B
74681,P
28856,B
79724,B
25430,B
94884,P
21008,B
86579,P
18718,B
82627,P
12929,B
54142,P
37021,B
102744,P
25122,B
90701,P
19665,B
81320,P
15266,B
78300,P
30009,B
96120,P
153060,I,
12249,B
60003,P
13868,B
47143,P
17298,B
50894,P
16320,B
61509,P
27683,B
103413,P
26676,B
88264,P
20996,B
80341,P
18549,B
62371,P
17576,B
56722,P
30071,B
101503,P
18851,B
87322,P
21388,B
82473,P
16600,B
63466,P
16197,B
62996,P
121755,I,
12391,B
54452,P
17783,B
58465,P
13742,B
48458,P
18575,B
63213,P
37276,B
101339,P
11714,B
72684,P
17153,B
52085,B
19650,B
90659,P
12838,B
71534,P
22170,B
103425,P
15351,B
71794,P
14165,B
52655,P
16278,B
54645,P
14179,B
57524,P
134583,I,
33181,B
106103,P
22277,B
84803,P
21417,B
64130,P
12375,B
75420,P
4960,B
33863,P
36435,B
99537,P
19715,B
83266,P
15097,B
76790,P
9816,B
50102,P
15117,B
58952,P
38898,B
103266,P
24366,B
85876,P
12216,B
55137,P
13295,B
59278,P
139142,I,
31156,B
99049,P
16416,B
78179,P
17812,B
61206,P
17990,B
64397,P
11675,B
47105,P
17282,B
109961,P
9547,B
66541,P
18307,B
62111,P
18934,B
67416,P
11637,B
51819,P
29360,B
84545,P
25380,B
90541,P
17142,B
81272,P
11814,B
49597,P
130098,I,
17928,B
65982,P
24734,B
103067,P
12242,B
72885,P
12445,B
48601,P
12081,B
47701,P
17066,B
54773,P
41790,B
99036,P
24426,B
93351,P
8333,B
61149,P
19045,B
65551,P
28834,B
101476,P
19687,B
82297,P
14885,B
64541,B
17603,B
92141,P
138079,I,
13146,B
56866,P
30661,B
107455,P
11005,B
69049,P
13884,B
56761,P
13620,B
50605,P
18316,B
59849,P
30225,B
98401,P
20621,B
59326,P
10385,B
44493,P
15297,B
59218,P
11626,B
55851,P
32398,B
100602,P
23499,B
90563,P
12306,B
69409,P
139722,I,
17208,B
73622,B
28176,B
87332,P
24016,B
88216,P
12114,B
50246,P
16449,B
51120,B
19342,B
74502,P
23025,B
124829,P
20693,B
72560,P
24778,B
88735,P
14057,B
57798,P
9465,B
43008,P
14171,B
111499,P
6652,B
66830,P
134754,I,
16887,B
52520,B
22368,B
77432,P
15295,B
77375,P
37234,B
99160,P
16595,B
80203,P
18054,B
83663,P
12142,B
54696,P
7709,B
46726,P
35815,B
105103,P
12052,B
76366,P
24857,B
77006,B
19263,B
72490,P
17759,B
86557,P
25597,B
107634,P
159398,I,
2033,B
26027,P
2816,B
22298,P
17930,B
57171,B
21443,B
93665,P
18885,B
72339,B
21237,B
78624,P
21047,B
85901,P
19276,B
83913,P
29808,B
105615,P
15242,B
82128,P
13386,B
70493,P
15619,B
57839,P
14421,B
50987,P
31261,B
97960,P
155135,I,
13625,B
57467,P
15869,B
61178,P
11655,B
51208,P
3650,B
30680,P
30429,B
73322,B
27578,B
100667,P
25727,B
80260,B
20921,B
79780,P
13107,B
78830,P
27434,B
111046,P
8675,B
63841,P
17912,B
58857,P
20238,B
67236,P
11828,B
52484,P
123531,I,
13752,B
60227,P
11633,B
50782,P
16135,B
54733,P
17355,B
63946,P
25649,B
102296,P
14287,B
53723,P
5910,B
34994,B
17713,B
88508,P
16575,B
59028,P
27248,B
94110,P
22389,B
87042,P
20094,B
82054,P
11990,B
64542,P
19281,B
67431,P
134922,I,
27063,B
107498,P
17747,B
80398,P
9391,B
59966,P
12828,B
50459,P
16634,B
54940,P
29893,B
100713,P
21345,B
83685,P
22839,B
84408,P
11192,B
69722,P
14369,B
55136,P
28342,B
104307,P
15438,B
74977,P
20794,B
74410,B
17135,B
78581,P
131352,I,
30002,B
116876,P
24346,B
88658,P
14774,B
55638,P
15951,B
53006,P
21117,B
59807,P
31815,B
95104,P
20011,B
81622,P
14635,B
73706,P
17157,B
64496,P
19928,B
69156,P
26845,B
86959,P
24419,B
72629,P
13224,B
75090,P
16749,B
60880,P
136449,I,
13726,B
55050,P
32122,B
103092,P
19178,B
84601,P
11098,B
62620,P
15343,B
53269,B
24447,B
75235,P
31096,B
125935,P
11577,B
48473,P
4478,B
33766,B
17583,B
66297,P
17166,B
60181,P
25142,B
101880,P
15226,B
59570,P
139383,I,
18432,B
47387,B
15606,B
70600,P
30560,B
99226,P
20599,B
62881,P
4220,B
60003,P
5511,B
46682,P
20813,B
65837,P
24406,B
98101,P
23622,B
66943,P
26825,B
72661,P
19901,B
84122,P
4477,B
52087,P
28422,B
67693,B
22376,B
104895,P
159423,I,
11326,B
61613,P
11698,B
44357,P
13458,B
44792,P
31931,B
95413,P
20307,B
87476,P
5224,B
56190,P
4429,B
25245,B
6128,B
46898,P
37388,B
81352,B
14604,B
104695,P
21757,B
54864,B
18230,B
81708,P
16198,B
63125,P
28180,B
101857,P
151106,I,
19566,B
71741,P
13097,B
70876,P
11414,B
45771,P
15532,B
95217,P
12907,B
73768,P
16224,B
51911,P
13418,B
55835,P
4127,B
35561,P
11756,B
66967,B
7866,B
113840,P
16068,B
68228,B
19312,B
95781,P
12779,B
72876,P
139237,I,
29637,B
88171,B
14656,B
99562,P
19917,B
87079,P
16486,B
74442,P
16910,B
63041,P
37181,B
96515,P
20691,B
83632,P
23112,B
85345,P
12191,B
68260,P
4442,B
34792,P
25723,B
61448,B
18309,B
107083,P
20825,B
69659,B
20838,B
98733,P
170551,I,
13294,B
120034,P
16394,B
53299,P
7239,B
38573,B
19629,B
66140,P
18218,B
64049,P
20185,B
92469,P
18996,B
84341,P
5533,B
55465,P
6161,B
35900,B
16200,B
64215,P
27966,B
94704,P
17268,B
85147,P
18591,B
65596,P
16492,B
61456,P
128987,I,
20669,B
63629,P
17813,B
125566,P
6139,B
55445,P
16864,B
58051,P
13037,B
54309,P
12526,B
49257,P
27383,B
99612,P
20263,B
61117,P
10213,B
43434,P
6312,B
39679,P
10562,B
49822,B
34640,B
98366,P
17543,B
70605,B
11869,B
94159,P
126022,I,
16482,B
61589,P
25650,B
92795,P
18036,B
61699,P
19300,B
67520,P
16819,B
63749,P
15875,B
64029,P
23803,B
103388,P
15381,B
75977,P
13936,B
45123,B
26204,B
67079,P
16191,B
84804,P
19470,B
106119,P
12635,B
57153,P
14508,B
82008,P
126283,I,
16586,B
55635,P
13543,B
56848,P
24539,B
94131,P
25131,B
70553,P
12049,B
77284,P
16537,B
59624,P
12308,B
54720,P
45225,B
96741,P
17334,B
70024,P
21148,B
89133,P
23421,B
65391,P
17263,B
58573,P
24283,B
100704,P
16785,B
54063,P
132213,I,
11823,B
48003,B
15506,B
73357,P
18509,B
96063,P
23375,B
86188,P
16266,B
65605,P
22674,B
65444,P
17598,B
80980,P
28498,B
102858,P
14551,B
77074,P
13223,B
69671,P
11069,B
44049,P
17740,B
57059,P
26402,B
91572,P
22979,B
88820,P
155580,I,
19843,B
77215,P
10558,B
46833,P
17059,B
76920,B
20779,B
105410,P
16120,B
57267,P
17190,B
55808,P
15375,B
59499,P
10048,B
47745,P
15610,B
93877,B
20343,B
110685,P
20320,B
83837,P
12702,B
68765,P
12586,B
51440,P
38323,B
98356,P
160584,I,
11286,B
55573,P
11223,B
45286,P
16856,B
63297,P
14341,B
92679,P
21948,B
85846,P
11483,B
47337,P
18853,B
52778,P
17299,B
61421,P
26430,B
101506,P
10491,B
66960,P
6032,B
28981,B
17443,B
62942,P
14239,B
52252,P
28587,B
95916,P
151061,I,
19762,B
76742,P
12070,B
52976,P
6652,B
40009,P
3437,B
29749,P
23199,B
72313,B
21675,B
108225,P
20099,B
54344,B
18477,B
95056,P
15721,B
77927,P
29163,B
126881,P
14281,B
65305,P
17595,B
60149,P
13054,B
53581,P
13409,B
63905,P
119492,I,
14285,B
52852,P
11969,B
54509,P
12237,B
52013,P
14818,B
60666,P
25105,B
98769,P
16413,B
84699,P
18156,B
83836,P
19644,B
63172,P
42231,B
99071,P
15372,B
58752,P
18077,B
57789,B
33407,B
107256,P
13542,B
79912,P
138451,I,
12669,B
49114,P
