13280,I,
855,B
3212,B
721,B
3609,P
537,B
2027,B
369,B
4607,P
1312,B
4646,B
710,B
12703,P
516,B
1581,B
418,B
3385,P
447,B
3432,B
1033,B
12160,P
612,B
1717,B
383,B
3595,P
523,B
1191,B
438,B
2665,P
20015,I,
1596,B
4994,B
782,B
13019,P
1092,B
5257,B
764,B
7906,P
723,B
6070,B
2314,B
18684,P
696,B
2630,B
515,B
5311,P
513,B
1389,B
409,B
3215,P
1866,B
6173,B
848,B
18568,P
746,B
2534,B
479,B
5191,P
25945,I,
3141,B
6527,B
995,B
19076,P
911,B
2624,B
547,B
5213,P
1521,B
17104,B
1992,B
25015,P
1732,B
6178,B
1310,B
14878,P
1289,B
3395,B
1076,B
6870,P
2236,B
9985,B
1858,B
32627,P
1573,B
4420,B
1298,B
8598,P
37270,I,
1262,B
9786,B
3392,B
33359,P
1552,B
4316,B
1248,B
8867,P
1222,B
2747,B
1074,B
5391,P
2973,B
14385,B
1881,B
35013,P
1443,B
6390,B
1010,B
16432,P
1078,B
8655,B
3905,B
41599,P
1244,B
4802,B
914,B
10292,P
51051,I,
937,B
9155,B
2149,B
41509,P
1334,B
4859,B
926,B
11028,P
897,B
2862,B
757,B
6344,P
2669,B
11312,B
1412,B
41622,P
1251,B
4461,B
845,B
9638,P
905,B
7247,B
2194,B
41116,P
1352,B
5642,B
1087,B
11656,P
51375,I,
900,B
3287,B
624,B
7908,P
3260,B
10862,B
1309,B
42066,P
1212,B
4494,B
864,B
9892,P
940,B
7231,B
3676,B
41874,P
1362,B
4903,B
1006,B
10284,P
984,B
2881,B
883,B
6000,P
2936,B
10563,B
1508,B
41821,P
50778,I,
899,B
3178,B
611,B
7845,P
2330,B
12564,B
1863,B
41968,P
3580,B
11544,B
1427,B
41793,P
1283,B
8789,P
932,B
4491,P
850,B
6136,B
2464,B
41043,P
1378,B
5119,B
1038,B
11271,P
961,B
3033,B
835,B
6276,P
51713,I,
2888,B
10819,B
1382,B
42139,P
1243,B
4545,B
961,B
9960,P
919,B
7311,B
3771,B
41564,P
1318,B
4694,B
981,B
10091,P
926,B
3018,B
898,B
6593,P
2985,B
11093,B
1530,B
41484,P
1214,B
4690,B
968,B
9939,P
51493,I,
3821,B
11488,B
1473,B
42019,P
1199,B
4566,B
881,B
9781,P
946,B
7199,B
2118,B
41188,P
1307,B
4887,B
945,B
10949,P
879,B
2903,B
757,B
5992,P
2849,B
11323,B
1496,B
41236,P
1244,B
4793,B
922,B
9866,P
50965,I,
933,B
9186,B
4008,B
41951,P
1210,B
4631,B
832,B
9729,P
832,B
2728,B
749,B
5593,P
3027,B
11077,B
1503,B
41731,P
1231,B
4830,B
1019,B
10126,P
1045,B
7735,B
3648,B
41501,P
1330,B
4779,B
976,B
10312,P
51081,I,
1029,B
9384,B
1967,B
40717,P
1300,B
4879,B
925,B
10676,P
902,B
2866,B
780,B
6363,P
2368,B
11467,B
1502,B
41697,P
1249,B
4560,B
935,B
9816,P
995,B
7517,B
2566,B
41582,P
1465,B
5175,B
1031,B
11201,P
51192,I,
894,B
3233,B
591,B
8214,P
2546,B
10538,B
1285,B
41183,P
1200,B
4383,B
860,B
9114,P
936,B
6839,B
3501,B
41212,P
1243,B
4690,B
927,B
10114,P
889,B
2747,B
820,B
5944,P
2939,B
10542,B
1433,B
41247,P
50474,I,
896,B
3079,B
594,B
7542,P
2239,B
11477,B
1407,B
40973,P
1166,B
4390,B
817,B
9692,P
891,B
7020,B
2208,B
40528,P
1396,B
5688,B
1677,B
13992,P
1221,B
4711,B
1041,B
10407,P
3311,B
11879,B
1489,B
41941,P
49121,I,
1002,B
3631,B
708,B
9523,P
755,B
6559,B
3449,B
41605,P
1211,B
4478,B
834,B
9986,P
871,B
2748,B
758,B
5780,P
2713,B
10647,B
1350,B
41100,P
3118,B
7501,B
1199,B
17318,P
1056,B
9012,B
3677,B
41802,P
48451,I,
1062,B
3689,B
705,B
9037,P
773,B
6804,B
1964,B
40628,P
1268,B
5038,B
1003,B
10790,P
976,B
3118,B
856,B
6597,P
2775,B
11459,B
1532,B
41483,P
1259,B
4706,B
929,B
10085,P
1026,B
7509,B
2461,B
41098,P
49639,I,
1012,B
3401,B
641,B
8444,P
616,B
1966,B
542,B
4470,P
2952,B
12801,B
1463,B
41370,P
1218,B
4698,B
881,B
10203,P
917,B
7044,B
3922,B
40889,P
1279,B
4806,B
952,B
10240,P
916,B
2875,B
781,B
5909,P
48757,I,
1049,B
3629,B
739,B
8828,P
751,B
2257,B
558,B
5455,P
2678,B
10901,B
1335,B
41224,P
1143,B
4455,B
893,B
9771,P
910,B
7154,B
2243,B
40431,P
1323,B
5139,B
957,B
11175,P
937,B
2950,B
759,B
6371,P
51114,I,
3267,B
10651,B
1388,B
41500,P
1213,B
4468,B
893,B
9622,P
1023,B
8234,B
3577,B
41369,P
1485,B
5026,B
973,B
11269,P
894,B
2936,B
801,B
6030,P
3132,B
12923,B
1423,B
42390,P
1233,B
4900,B
966,B
10504,P
51507,I,
3854,B
11161,B
1487,B
41806,P
1268,B
4528,B
915,B
9729,P
972,B
7002,B
2163,B
41117,P
1416,B
5216,B
1056,B
11549,P
954,B
3079,B
821,B
6331,P
2677,B
11343,B
1571,B
41562,P
1240,B
4964,B
921,B
10539,P
51542,I,
985,B
9180,B
5001,B
41870,P
1221,B
5062,B
919,B
11303,P
1074,B
3280,B
843,B
7551,P
3114,B
10753,B
1306,B
41505,P
1236,B
4551,B
923,B
10012,P
986,B
7422,B
4081,B
41251,P
1285,B
4954,B
1049,B
10562,P
50386,I,
1001,B
9702,B
2200,B
41918,P
1300,B
4888,B
945,B
10734,P
852,B
2771,B
725,B
5809,P
2424,B
13008,B
1859,B
41330,P
1413,B
11741,B
3779,B
41317,P
1344,B
9026,P
904,B
4735,P
828,B
2308,B
789,B
4744,P
48570,I,
1042,B
3733,B
816,B
9172,P
695,B
2248,B
616,B
5026,P
2532,B
11706,B
1429,B
40942,P
1193,B
4576,B
860,B
9721,P
947,B
7026,B
2185,B
40721,P
1379,B
4888,B
987,B
11028,P
967,B
2949,B
853,B
6233,P
51327,I,
2919,B
10430,B
1354,B
41005,P
1217,B
4490,B
914,B
9775,P
964,B
7027,B
3647,B
40731,P
1263,B
4621,B
930,B
10268,P
912,B
2909,B
854,B
6043,P
2907,B
11284,B
1529,B
41518,P
1271,B
4987,B
998,B
10838,P
51899,I,
3773,B
11569,B
1402,B
41802,P
1139,B
4653,B
856,B
10154,P
879,B
7113,B
2520,B
41091,P
1358,B
5009,B
1019,B
10864,P
968,B
2992,B
830,B
6975,P
2496,B
11715,B
1548,B
41124,P
1337,B
4727,B
963,B
10138,P
50786,I,
996,B
9131,B
3426,B
41247,P
1224,B
4490,B
900,B
9909,P
867,B
2940,B
809,B
6545,P
3048,B
10667,B
1382,B
41391,P
1310,B
4742,B
956,B
10023,P
1025,B
7563,B
4033,B
41803,P
1342,B
4814,B
971,B
10590,P
50979,I,
951,B
9162,B
2225,B
41459,P
1323,B
4754,B
964,B
10823,P
908,B
2762,B
775,B
5870,P
2393,B
11233,B
1491,B
41566,P
1340,B
4724,B
949,B
10868,P
965,B
7510,B
2812,B
41148,P
1357,B
4998,B
980,B
10911,P
50652,I,
918,B
3331,B
656,B
8441,P
2884,B
11870,B
1489,B
41432,P
1169,B
4555,B
907,B
9508,P
918,B
7089,B
3934,B
40872,P
1350,B
4824,B
1004,B
10296,P
989,B
3012,B
816,B
6350,P
2860,B
10764,B
1412,B
41682,P
50546,I,
863,B
3150,B
562,B
7750,P
2364,B
11248,B
1500,B
41233,P
1283,B
4615,B
895,B
10028,P
909,B
7097,B
2385,B
40418,P
1307,B
4697,B
899,B
10826,P
894,B
2842,B
824,B
6121,P
2797,B
11538,B
1569,B
41124,P
49702,I,
870,B
3151,B
577,B
7660,P
656,B
5608,B
3759,B
41333,P
1294,B
5000,B
946,B
10723,P
874,B
3121,B
843,B
6632,P
2994,B
11429,B
1364,B
41714,P
1341,B
4841,B
944,B
10597,P
939,B
7152,B
4013,B
41241,P
49324,I,
992,B
3262,B
654,B
8251,P
699,B
5530,B
2047,B
40418,P
1339,B
5076,B
1161,B
11178,P
986,B
3263,B
852,B
7326,P
2856,B
12903,B
1582,B
41297,P
1279,B
4754,B
955,B
10583,P
1017,B
7381,B
2405,B
40837,P
49529,I,
931,B
3333,B
666,B
8179,P
644,B
2209,B
611,B
5840,P
3112,B
12604,B
1505,B
41555,P
1179,B
4542,B
921,B
9974,P
942,B
7146,B
3598,B
41275,P
1302,B
4673,B
1007,B
10261,P
971,B
2794,B
823,B
6382,P
48641,I,
1048,B
3716,B
753,B
9440,P
635,B
2075,B
583,B
5136,P
2412,B
11987,B
1507,B
41051,P
1196,B
4520,B
926,B
9736,P
1087,B
8088,B
2485,B
40574,P
1467,B
5285,B
1031,B
11704,P
978,B
3180,B
863,B
6954,P
51057,I,
2783,B
10632,B
1391,B
41561,P
1224,B
4502,B
880,B
9783,P
960,B
7090,B
3759,B
41358,P
1300,B
4614,B
922,B
9966,P
852,B
2804,B
782,B
5647,P
2846,B
10618,B
1365,B
40993,P
1242,B
4687,B
848,B
10049,P
51230,I,
3752,B
11233,B
1401,B
40900,P
1172,B
4850,B
921,B
10531,P
983,B
7849,B
2252,B
40728,P
1371,B
5311,B
1020,B
11352,P
988,B
3440,B
894,B
7585,P
2779,B
11720,B
1516,B
41301,P
1247,B
4686,B
1038,B
10233,P
51192,I,
1031,B
9267,B
3713,B
41864,P
1770,B
7314,B
1230,B
15345,P
1097,B
4367,B
958,B
9624,P
2632,B
11322,B
1374,B
42493,P
1291,B
5100,B
1015,B
11306,P
1001,B
7514,B
4134,B
41939,P
1199,B
4565,B
916,B
10132,P
50436,I,
999,B
9418,B
1947,B
41699,P
1259,B
5761,B
975,B
15082,P
1514,B
5023,B
1012,B
11936,P
3077,B
14248,B
1589,B
42297,P
1375,B
4964,B
910,B
12133,P
1004,B
8217,B
2623,B
41265,P
1373,B
5124,B
1078,B
11192,P
50414,I,
953,B
3174,B
638,B
8018,P
2900,B
10518,B
1301,B
40865,P
1280,B
4467,B
837,B
9839,P
882,B
6704,B
3787,B
40998,P
1308,B
4605,B
908,B
10175,P
891,B
2792,B
796,B
5734,P
3112,B
10705,B
1409,B
41424,P
50126,I,
841,B
3037,B
565,B
7669,P
2446,B
11425,B
1537,B
41111,P
1265,B
4643,B
961,B
9906,P
986,B
7215,B
2188,B
40525,P
1363,B
5150,B
1089,B
11305,P
943,B
2923,B
787,B
6134,P
2774,B
11109,B
1498,B
41506,P
49729,I,
872,B
3208,B
608,B
7868,P
632,B
5395,B
3785,B
41089,P
1224,B
4513,B
921,B
9877,P
821,B
2852,B
843,B
5972,P
3060,B
10653,B
1394,B
41323,P
1271,B
4815,B
975,B
9946,P
988,B
7505,B
3488,B
41689,P
49705,I,
981,B
3335,B
689,B
8145,P
681,B
5989,B
1916,B
40870,P
1364,B
4996,B
1021,B
11273,P
898,B
2898,B
820,B
6298,P
2600,B
11660,B
1463,B
41676,P
1259,B
4873,B
944,B
10308,P
1066,B
7821,B
2498,B
41165,P
49029,I,
950,B
3391,B
728,B
8505,P
647,B
1991,B
534,B
4865,P
3053,B
11560,B
1447,B
40804,P
1258,B
4541,B
936,B
9820,P
982,B
7297,B
3936,B
41728,P
1315,B
5188,B
1030,B
11102,P
950,B
3067,B
885,B
6540,P
48599,I,
1012,B
3523,B
641,B
8600,P
592,B
1883,B
520,B
4303,P
2296,B
11149,B
1506,B
41165,P
1206,B
4401,B
903,B
9811,P
939,B
7184,B
2178,B
40337,P
1369,B
4983,B
986,B
11029,P
995,B
3511,B
946,B
7748,P
51557,I,
2941,B
12570,B
1503,B
42242,P
1232,B
4756,B
953,B
9903,P
992,B
7355,B
3756,B
40904,P
1248,B
4616,B
1027,B
9848,P
969,B
2778,B
837,B
5874,P
2941,B
10679,B
1397,B
41356,P
1256,B
4962,B
1005,B
10282,P
51326,I,
3943,B
12500,B
1531,B
41493,P
1219,B
4530,B
882,B
10089,P
963,B
7113,B
2227,B
40398,P
1288,B
4944,B
1095,B
10758,P
921,B
2862,B
846,B
5930,P
2527,B
11722,B
1498,B
40961,P
1263,B
4632,B
889,B
9997,P
50899,I,
954,B
9974,B
4026,B
41311,P
1260,B
4744,B
966,B
10266,P
873,B
2837,B
781,B
5952,P
2791,B
11936,B
1453,B
40663,P
1196,B
4583,B
957,B
9855,P
971,B
7382,B
3701,B
40821,P
1245,B
4688,B
944,B
10087,P
50293,I,
999,B
8823,B
1721,B
40575,P
1264,B
4778,B
905,B
10655,P
902,B
2834,B
800,B
6063,P
2082,B
11973,B
1557,B
40869,P
1315,B
4558,B
850,B
9936,P
926,B
7230,B
2561,B
41271,P
1317,B
5133,B
973,B
10679,P
50535,I,
957,B
3485,B
688,B
8560,P
2833,B
10330,B
1286,B
41217,P
1098,B
4554,B
886,B
9746,P
966,B
8038,B
3754,B
41392,P
1221,B
5035,B
971,B
10708,P
926,B
2984,B
794,B
6032,P
2827,B
10658,B
1395,B
41248,P
50425,I,
1075,B
3407,B
634,B
8564,P
2821,B
11523,B
1503,B
41755,P
1196,B
4277,B
861,B
9487,P
910,B
7056,B
2329,B
40801,P
1457,B
4998,B
1033,B
10772,P
949,B
2793,B
785,B
6046,P
2874,B
11539,B
1559,B
41261,P
49924,I,
850,B
3068,B
611,B
7791,P
590,B
5243,B
3848,B
41157,P
1225,B
4527,B
888,B
9975,P
894,B
2728,B
798,B
5771,P
2961,B
10449,B
1467,B
41002,P
1188,B
4396,B
893,B
9504,P
965,B
6805,B
3677,B
40988,P
49358,I,
924,B
3147,B
589,B
7994,P
698,B
5486,B
2076,B
41047,P
1274,B
4784,B
905,B
10778,P
849,B
2804,B
779,B
5896,P
2625,B
11688,B
1541,B
41475,P
1341,B
4713,B
951,B
10085,P
955,B
7191,B
2516,B
40807,P
49116,I,
960,B
3150,B
663,B
8017,P
617,B
1801,B
490,B
4081,P
3014,B
10584,B
1306,B
40898,P
1143,B
4645,B
867,B
9760,P
911,B
7328,B
3786,B
41029,P
1223,B
4478,B
926,B
9673,P
925,B
2775,B
829,B
5791,P
48407,I,
1016,B
3689,B
798,B
8950,P
641,B
2073,B
549,B
4749,P
2190,B
11395,B
1457,B
41140,P
1251,B
4487,B
948,B
9494,P
918,B
7097,B
2192,B
41284,P
1354,B
5031,B
893,B
10695,P
867,B
2803,B
816,B
5960,P
51100,I,
3007,B
10507,B
1302,B
41460,P
1237,B
4269,B
810,B
9654,P
867,B
6943,B
3912,B
41050,P
1278,B
4888,B
895,B
10045,P
884,B
2864,B
789,B
5787,P
2767,B
10698,B
1361,B
40793,P
1166,B
4588,B
914,B
9888,P
50650,I,
3660,B
11775,B
1527,B
41901,P
1276,B
4589,B
974,B
9793,P
915,B
7201,B
2341,B
40652,P
1338,B
4998,B
945,B
10835,P
918,B
2904,B
788,B
5944,P
2466,B
11552,B
1470,B
41481,P
1193,B
4708,B
991,B
9922,P
51257,I,
919,B
8814,B
3565,B
41131,P
1301,B
4772,B
937,B
10008,P
849,B
2635,B
720,B
5521,P
2754,B
10693,B
1463,B
41163,P
1319,B
4785,B
970,B
10173,P
949,B
7080,B
3847,B
41406,P
1299,B
4730,B
926,B
10141,P
50610,I,
910,B
9019,B
2013,B
41215,P
1362,B
4797,B
979,B
10483,P
989,B
2855,B
832,B
5979,P
2497,B
11082,B
1469,B
40296,P
1236,B
4631,B
948,B
9822,P
906,B
6747,B
2164,B
40822,P
1417,B
5052,B
1050,B
11037,P
50352,I,
905,B
3097,B
568,B
7685,P
2486,B
10281,B
1317,B
41574,P
1141,B
4442,B
865,B
9661,P
898,B
6742,B
3693,B
40870,P
1226,B
4594,B
903,B
10096,P
862,B
2665,B
796,B
5601,P
3098,B
10860,B
1414,B
40886,P
49548,I,
880,B
3138,B
604,B
7765,P
2247,B
11049,B
1430,B
40986,P
1173,B
4230,B
872,B
9157,P
1010,B
6988,B
2193,B
40595,P
1307,B
4788,B
1000,B
10697,P
904,B
2721,B
786,B
5709,P
2742,B
11380,B
1492,B
40975,P
49363,I,
878,B
3168,B
597,B
7692,P
622,B
5317,B
3629,B
40637,P
1229,B
4618,B
947,B
9957,P
926,B
2823,B
794,B
6045,P
3000,B
10556,B
1317,B
41519,P
1146,B
4430,B
852,B
9500,P
874,B
7008,B
3654,B
41480,P
49963,I,
927,B
3143,B
601,B
7637,P
632,B
5337,B
1941,B
40835,P
1326,B
4732,B
992,B
10429,P
913,B
2683,B
792,B
5724,P
2525,B
11385,B
1577,B
41338,P
1277,B
4587,B
905,B
9725,P
1018,B
7330,B
2563,B
40861,P
48928,I,
973,B
3290,B
614,B
8059,P
580,B
1679,B
530,B
4022,P
3055,B
10662,B
1384,B
40831,P
1152,B
4297,B
836,B
9348,P
929,B
7285,B
3371,B
41133,P
1242,B
4645,B
907,B
9936,P
1036,B
2985,B
839,B
5922,P
48657,I,
1059,B
3540,B
714,B
8639,P
671,B
1951,B
573,B
4793,P
2146,B
11437,B
1540,B
41015,P
1245,B
4548,B
991,B
9876,P
926,B
7033,B
2160,B
40664,P
1392,B
4920,B
983,B
10929,P
929,B
2858,B
813,B
5893,P
48911,I,
2745,B
10814,B
1301,B
42228,P
1183,B
4341,B
840,B
9763,P
934,B
7045,B
3762,B
41015,P
1252,B
4699,B
998,B
10153,P
942,B
2765,B
762,B
5494,P
2736,B
10443,B
1376,B
41390,P
1257,B
4617,B
972,B
9896,P
50637,I,
3625,B
11593,B
1552,B
41305,P
1206,B
4433,B
889,B
9514,P
867,B
6766,B
2042,B
41156,P
1299,B
4810,B
954,B
10382,P
886,B
4639,P
