19838,I,
3250,B
7089,B
2578,B
11683,P
1120,B
6281,B
1121,B
12342,P
3360,B
10387,B
1384,B
28274,P
779,B
3859,B
920,B
8400,P
1658,B
8107,B
2545,B
27033,P
2220,B
6347,B
1026,B
11236,P
1898,B
4728,B
1567,B
8190,P
41027,I,
2039,B
11332,B
1647,B
27296,P
1579,B
9653,B
1127,B
8634,P
1518,B
23182,B
4515,B
48348,P
3216,B
10586,B
3465,B
19085,P
2501,B
6796,B
2011,B
11886,P
7158,B
16568,B
3202,B
45886,P
2709,B
9548,B
3547,B
17915,P
57435,I,
7402,B
15685,B
2839,B
46434,P
1944,B
6042,B
1245,B
13785,P
2379,B
11623,B
3935,B
45452,P
2924,B
7665,B
1701,B
15272,P
3097,B
13209,B
3561,B
24598,P
4098,B
20037,B
3247,B
59724,P
4236,B
11776,B
2421,B
22126,P
79337,I,
1152,B
12270,B
4783,B
60858,P
2921,B
7514,B
987,B
18272,P
759,B
3598,B
787,B
8657,P
6214,B
24969,B
3833,B
56020,P
5119,B
13966,B
2254,B
26463,P
3589,B
17809,B
7038,B
59378,P
3187,B
7352,B
1951,B
17105,P
107538,I,
3780,B
22447,B
3984,B
88760,P
2623,B
9797,B
2352,B
21995,P
4110,B
13861,B
4624,B
22665,P
9555,B
43014,B
6025,B
77837,P
5211,B
16582,B
4299,B
40189,P
3702,B
23371,B
4350,B
77755,P
3999,B
12016,B
2571,B
35826,P
92839,I,
2943,B
9914,B
4996,B
24925,P
11956,B
47564,B
8563,B
80079,P
4666,B
18497,B
5914,B
42192,P
4478,B
24523,B
12487,B
77221,P
4724,B
17175,B
4336,B
40374,P
2748,B
8448,B
1854,B
16715,P
6192,B
44780,B
7180,B
79328,P
113187,I,
17328,B
37297,B
7920,B
86760,P
5353,B
27996,P
2161,B
13171,P
2277,B
14405,B
8918,B
77764,P
3785,B
19281,P
2783,B
12746,P
3696,B
13692,B
4822,B
22985,P
8186,B
43183,B
6390,B
77980,P
4862,B
16234,B
3902,B
40719,P
93638,I,
10722,B
38721,B
5715,B
80092,P
4466,B
13589,B
2538,B
36805,P
2815,B
18691,B
6610,B
77265,P
5244,B
17768,B
5101,B
43386,P
4349,B
15774,B
4051,B
25436,P
6212,B
36754,B
5780,B
78267,P
3727,B
16449,B
4598,B
40407,P
94476,I,
4498,B
24419,B
9645,B
79163,P
3177,B
11610,B
2450,B
33259,P
2073,B
10755,B
3604,B
21076,P
10410,B
36774,B
4760,B
78893,P
2989,B
10953,B
2340,B
33893,P
2929,B
19552,B
10003,B
80585,P
2675,B
10204,B
2261,B
31237,P
93563,I,
4216,B
21453,B
3204,B
78030,P
5977,B
16895,B
3841,B
30959,P
4199,B
10432,B
2403,B
19274,P
6311,B
36002,B
4848,B
79997,P
5013,B
15349,B
3321,B
38726,P
4195,B
24389,B
3611,B
78163,P
2669,B
10489,B
2270,B
31490,P
92929,I,
5079,B
16062,B
4197,B
26882,P
7965,B
38340,B
4710,B
78811,P
2618,B
12256,B
3314,B
36128,P
3903,B
26004,B
14385,B
77919,P
2725,B
10957,B
2262,B
32875,P
2112,B
9207,B
1923,B
18170,P
8343,B
41515,B
6813,B
77186,P
110458,I,
1521,B
5960,B
1138,B
18276,P
4931,B
31919,B
6645,B
80215,P
4473,B
15830,B
3931,B
38641,P
2743,B
19968,B
3337,B
77138,P
2866,B
12230,B
5205,B
39297,P
3397,B
12779,B
3755,B
21813,P
9469,B
42451,B
6845,B
78278,P
109356,I,
3596,B
10818,B
2206,B
23430,P
2978,B
18195,B
12744,B
77161,P
3911,B
14747,B
3507,B
37145,P
3728,B
11834,B
2543,B
19175,P
8526,B
40187,B
6574,B
76351,P
3960,B
14469,B
3522,B
36556,P
3638,B
22487,B
13996,B
77631,P
109016,I,
2889,B
10116,B
2582,B
24888,P
3570,B
22379,B
4794,B
77344,P
3339,B
11617,B
2564,B
23558,P
2352,B
8533,B
2222,B
15888,P
10893,B
42012,B
7068,B
77666,P
2811,B
11223,B
2326,B
34029,P
3786,B
23800,B
4092,B
79284,P
112660,I,
2942,B
11505,B
3095,B
26165,P
1016,B
4797,B
877,B
9970,P
6435,B
27032,B
4719,B
78458,P
4272,B
15432,B
3736,B
37589,P
4170,B
24341,B
8834,B
77546,P
2658,B
10421,B
2261,B
31277,P
1847,B
6596,B
1598,B
11473,P
92618,I,
3218,B
9201,B
2385,B
17919,P
2222,B
6845,B
1799,B
12020,P
4972,B
20670,B
3987,B
77429,P
3010,B
11125,B
2516,B
19573,P
3434,B
27194,B
3743,B
78128,P
2616,B
10960,B
2266,B
32840,P
1913,B
6819,B
1663,B
11344,P
96170,I,
5534,B
31146,B
4036,B
79696,P
2408,B
9808,B
2168,B
30077,P
2800,B
11996,B
8789,B
78075,P
2401,B
10244,B
2164,B
30264,P
1813,B
6425,B
1562,B
10574,P
6034,B
19549,B
4852,B
77499,P
2347,B
9924,B
2155,B
30127,P
95743,I,
9102,B
31711,B
4383,B
79086,P
3152,B
10918,B
2665,B
18966,P
3314,B
25706,B
3527,B
77383,P
3289,B
11254,B
2674,B
20218,P
2409,B
7832,B
2189,B
12168,P
5561,B
33221,B
4227,B
78375,P
2361,B
10031,B
2082,B
30834,P
95575,I,
4269,B
22447,B
9537,B
79034,P
3153,B
10866,B
2634,B
18906,P
2484,B
7695,B
2199,B
11591,P
5521,B
31330,B
4167,B
77827,P
2481,B
10154,B
2165,B
30256,P
2887,B
18178,B
9461,B
77904,P
2527,B
10163,B
2318,B
30713,P
95468,I,
4217,B
21743,B
3381,B
78686,P
3306,B
11108,B
2723,B
19806,P
2499,B
7790,B
2221,B
11799,P
5304,B
21157,B
5213,B
77773,P
2547,B
10298,B
2356,B
30901,P
2844,B
18543,B
3335,B
78004,P
3276,B
11212,B
2667,B
19790,P
95077,I,
2851,B
8432,B
2179,B
15256,P
6098,B
19394,B
4814,B
78117,P
2447,B
10161,B
2197,B
29851,P
2754,B
17997,B
9581,B
78326,P
2751,B
10290,B
2319,B
31589,P
1873,B
6463,B
1556,B
10687,P
6020,B
19036,B
4857,B
78805,P
113359,I,
1190,B
4791,B
928,B
12369,P
3149,B
20725,B
3909,B
77916,P
2856,B
10544,B
2371,B
18263,P
3296,B
13160,B
3928,B
77546,P
3278,B
11149,B
2626,B
19930,P
2423,B
7662,B
2129,B
11596,P
5343,B
20782,B
5059,B
77146,P
112528,I,
1207,B
5126,B
1020,B
12888,P
1132,B
7759,B
6852,B
77199,P
3038,B
10899,B
2586,B
18603,P
2414,B
7543,B
2101,B
11522,P
6569,B
20134,B
4822,B
77819,P
2382,B
9841,B
2107,B
30053,P
2586,B
11801,B
8848,B
77166,P
113081,I,
1426,B
5330,B
1002,B
13019,P
1122,B
7847,B
1712,B
77316,P
3172,B
10891,B
2596,B
19838,P
2316,B
7542,B
2114,B
11632,P
5149,B
20967,B
5183,B
77732,P
2489,B
10096,B
2155,B
30102,P
2780,B
17968,B
3319,B
77395,P
94818,I,
2908,B
9011,B
2271,B
16876,P
1921,B
6311,B
1826,B
9905,P
6031,B
18934,B
4725,B
78415,P
2389,B
9800,B
2188,B
29814,P
2984,B
19761,B
9092,B
77926,P
2608,B
10282,B
2177,B
31725,P
1825,B
6341,B
1522,B
10472,P
93489,I,
2955,B
8784,B
2177,B
16261,P
1914,B
5902,B
1684,B
9041,P
3549,B
21056,B
4113,B
77678,P
3153,B
10819,B
2631,B
18429,P
3235,B
25403,B
3570,B
76863,P
3180,B
11235,B
2682,B
19912,P
2460,B
7781,B
2172,B
11822,P
95675,I,
4859,B
30948,B
3998,B
79099,P
2473,B
9895,B
2099,B
29911,P
2693,B
11654,B
7553,B
77343,P
2386,B
9920,B
2084,B
30247,P
1801,B
6377,B
1528,B
10483,P
6020,B
19197,B
4772,B
77990,P
2327,B
9973,B
2132,B
30289,P
95928,I,
9090,B
31833,B
4454,B
78189,P
3204,B
10861,B
2754,B
18689,P
3674,B
13159,B
3866,B
76855,P
3333,B
11177,B
2663,B
20371,P
2557,B
7955,B
2296,B
12058,P
5633,B
32824,B
4440,B
77869,P
2392,B
9987,B
2216,B
30614,P
96306,I,
4385,B
21345,B
7782,B
77995,P
3238,B
10955,B
2621,B
19181,P
2377,B
7449,B
2134,B
11334,P
6491,B
19616,B
4868,B
77732,P
2475,B
9930,B
2182,B
30127,P
2810,B
17846,B
8945,B
76742,P
2553,B
10149,B
2200,B
30523,P
95337,I,
4207,B
21053,B
3037,B
78159,P
3344,B
11157,B
2778,B
19925,P
2461,B
7584,B
2129,B
11640,P
5012,B
20622,B
5149,B
77161,P
2424,B
10042,B
2175,B
30416,P
2681,B
11944,B
3164,B
76787,P
3211,B
11460,B
2728,B
19944,P
95803,I,
2689,B
8213,B
2060,B
14994,P
6097,B
19058,B
4751,B
77386,P
2474,B
10058,B
2108,B
29527,P
2617,B
11368,B
7185,B
76999,P
3050,B
10986,B
2635,B
19321,P
2383,B
7685,B
2132,B
11571,P
5783,B
18969,B
4820,B
77186,P
113452,I,
1268,B
4948,B
981,B
12693,P
3302,B
20315,B
3841,B
77739,P
2939,B
10236,B
2401,B
18176,P
3423,B
12691,B
3913,B
77002,P
3226,B
11163,B
2750,B
19814,P
2468,B
7774,B
2248,B
11987,P
5301,B
21086,B
5178,B
78358,P
113061,I,
1290,B
5018,B
1009,B
12769,P
1151,B
7456,B
6913,B
77061,P
2978,B
10485,B
2425,B
18257,P
2219,B
7060,B
1984,B
10821,P
6130,B
19251,B
4929,B
76936,P
2481,B
9904,B
2134,B
30177,P
2759,B
17705,B
8714,B
77075,P
112595,I,
1203,B
4915,B
991,B
12135,P
1120,B
7174,B
1427,B
76712,P
2993,B
10666,B
2422,B
19600,P
2241,B
8171,B
2071,B
18259,P
9061,B
35778,B
5579,B
77758,P
3674,B
12719,B
2894,B
34489,P
3109,B
20924,B
4309,B
78791,P
107469,I,
1804,B
5614,B
1176,B
11306,P
1169,B
4467,B
1202,B
7836,P
5688,B
20270,B
4910,B
78167,P
2897,B
10756,B
2240,B
30859,P
5330,B
29672,B
11203,B
78168,P
2670,B
10956,B
2244,B
32179,P
2225,B
11353,B
3087,B
20842,P
88812,I,
3345,B
9614,B
2357,B
20258,P
2125,B
7253,B
3423,B
17192,P
6350,B
26489,B
6299,B
78438,P
2877,B
10631,B
2227,B
32792,P
3023,B
22498,B
5304,B
77225,P
4520,B
11686,B
2555,B
37179,P
1920,B
7577,B
1932,B
14558,P
95392,I,
9295,B
37947,B
6352,B
79174,P
2540,B
10090,B
2274,B
31095,P
3109,B
22421,B
12632,B
78080,P
4128,B
11081,B
2216,B
35525,P
1840,B
7568,B
1706,B
15007,P
8589,B
38744,B
6592,B
78384,P
2480,B
10274,B
2147,B
31268,P
95130,I,
11236,B
38600,B
6349,B
78512,P
4253,B
12219,B
2329,B
36357,P
2807,B
18180,B
5503,B
76482,P
4195,B
14768,B
3361,B
37938,P
1928,B
7952,B
2221,B
15829,P
5878,B
39060,B
6437,B
77459,P
4513,B
11613,B
2375,B
36363,P
95223,I,
4379,B
23762,B
11637,B
78561,P
4538,B
11834,B
2299,B
35513,P
2012,B
8294,B
2406,B
15552,P
8747,B
39671,B
6277,B
78557,P
2840,B
10754,B
2311,B
33992,P
3050,B
22285,B
11439,B
77121,P
4919,B
13245,B
2436,B
37044,P
94492,I,
4295,B
22337,B
5599,B
77399,P
5161,B
16126,B
3755,B
28157,P
2488,B
8447,B
2297,B
14139,P
7356,B
39407,B
6468,B
78290,P
3644,B
11273,B
2217,B
35406,P
2846,B
18394,B
5604,B
76508,P
4859,B
14005,B
2468,B
39034,P
94629,I,
2903,B
9757,B
2401,B
19888,P
9387,B
26385,B
7213,B
77800,P
3020,B
10946,B
2326,B
32627,P
3774,B
23905,B
14054,B
78049,P
3579,B
11055,B
2195,B
35550,P
1913,B
8122,B
2017,B
16443,P
8995,B
37175,B
5470,B
77499,P
112592,I,
1372,B
5989,B
1096,B
17178,P
7073,B
26934,B
7002,B
77921,P
2487,B
10264,B
2191,B
30926,P
2964,B
21963,B
5548,B
77057,P
4514,B
14023,B
2561,B
37932,P
1874,B
7469,B
1850,B
15601,P
6582,B
37210,B
5819,B
78321,P
111795,I,
1471,B
5850,B
1658,B
17343,P
2479,B
13319,B
11040,B
77770,P
3347,B
11224,B
2555,B
21735,P
2478,B
11425,B
4382,B
19061,P
7946,B
31537,B
4076,B
78334,P
2555,B
11417,B
2384,B
33728,P
4161,B
22572,B
11840,B
78124,P
112332,I,
1427,B
5679,B
1146,B
15994,P
2948,B
13499,B
3980,B
78616,P
6109,B
36818,B
5755,B
77502,P
3191,B
30018,P
1996,B
9868,P
1704,B
9374,B
2716,B
15233,P
6602,B
21456,B
5103,B
77966,P
2567,B
11774,B
4549,B
36950,P
96599,I,
6543,B
28405,B
9290,B
78888,P
2737,B
11429,B
2390,B
34205,P
3092,B
10599,B
3450,B
18075,P
5659,B
34088,B
4319,B
77958,P
4779,B
15498,B
3468,B
37677,P
5040,B
25538,B
9184,B
78244,P
2635,B
11473,B
4182,B
35814,P
94673,I,
5562,B
26393,B
4427,B
78486,P
3361,B
13541,B
3828,B
26142,P
3597,B
12617,B
4358,B
21255,P
6834,B
33142,B
4356,B
78557,P
5133,B
15818,B
3743,B
38790,P
2839,B
20589,B
3230,B
77387,P
2838,B
12976,B
3595,B
37207,P
95571,I,
4321,B
11628,B
2648,B
23137,P
5342,B
40046,B
6386,B
79606,P
4410,B
14089,B
2480,B
36777,P
2852,B
18719,B
11416,B
78207,P
4230,B
15407,B
3873,B
38185,P
1939,B
7162,B
1561,B
13581,P
10725,B
36138,B
5686,B
78120,P
113235,I,
1499,B
5691,B
964,B
15424,P
4639,B
29973,B
7359,B
78756,P
4525,B
14341,B
2528,B
36910,P
2678,B
18759,B
3615,B
77940,P
3999,B
14616,B
3421,B
37485,P
1792,B
6950,B
1587,B
12964,P
6577,B
37988,B
6169,B
78392,P
111785,I,
1399,B
5655,B
1080,B
16649,P
2810,B
14656,B
10955,B
78777,P
3228,B
11448,B
2467,B
22023,P
2421,B
10321,B
4026,B
18388,P
9903,B
38332,B
5456,B
79050,P
2516,B
12087,B
2340,B
34889,P
4725,B
23937,B
11910,B
77981,P
110968,I,
1213,B
5254,B
1085,B
15060,P
2696,B
14482,B
3895,B
77133,P
3621,B
12098,B
2749,B
22618,P
3380,B
12567,B
3318,B
19233,P
7389,B
32304,B
4218,B
77572,P
2518,B
11011,B
3604,B
34784,P
4198,B
23158,B
3641,B
77604,P
110567,I,
1383,B
5511,B
3022,B
20270,P
2405,B
6821,B
1013,B
12902,P
5873,B
23413,B
4644,B
78220,P
7146,B
38071,B
13266,B
89513,P
4481,B
26042,P
2306,B
12832,P
1801,B
9942,B
8477,B
77659,P
4923,B
23182,P
95323,I,
3577,B
10497,B
2334,B
20345,P
6329,B
41371,B
6401,B
78912,P
4630,B
14605,B
2495,B
37629,P
2935,B
18765,B
3972,B
77193,P
4234,B
14661,B
3518,B
37399,P
1849,B
7779,B
2072,B
14885,P
7765,B
38195,B
6218,B
78023,P
111223,I,
1374,B
5356,B
1087,B
15845,P
2491,B
13572,B
10347,B
77063,P
2982,B
10884,B
2488,B
20061,P
2494,B
10737,B
2977,B
17265,P
6896,B
33267,B
3996,B
78073,P
2623,B
12277,B
3483,B
35672,P
4884,B
24896,B
8835,B
78298,P
109901,I,
1439,B
8411,B
2899,B
21405,P
3406,B
13363,B
2327,B
76926,P
3144,B
11871,B
4319,B
24900,P
3790,B
11227,B
2436,B
17813,P
5472,B
38360,B
4429,B
77703,P
3984,B
13691,B
2885,B
35782,P
2814,B
19057,B
3875,B
77522,P
112390,I,
2321,B
8341,B
1597,B
16375,P
996,B
5205,B
971,B
10802,P
10426,B
26442,B
6153,B
79424,P
2546,B
11389,B
2221,B
32887,P
4529,B
23394,B
12214,B
77642,P
2504,B
10130,B
2111,B
31614,P
3151,B
10516,B
2779,B
16670,P
91183,I,
3125,B
10463,B
2371,B
20574,P
3425,B
11451,B
3551,B
17863,P
5647,B
31523,B
4349,B
77231,P
5167,B
15253,B
3387,B
24610,P
3645,B
28003,B
3163,B
76195,P
2685,B
10512,B
2293,B
31406,P
1890,B
6420,B
1629,B
10822,P
94085,I,
5977,B
18777,B
4858,B
78696,P
2486,B
10025,B
2267,B
29095,P
2767,B
11646,B
7348,B
76453,P
3245,B
10945,B
2727,B
18644,P
2392,B
7614,B
2128,B
11274,P
6355,B
19937,B
4833,B
77347,P
2413,B
9879,B
2156,B
30500,P
94813,I,
9244,B
31312,B
4414,B
77749,P
3157,B
10775,B
2563,B
18425,P
3520,B
12733,B
3817,B
75939,P
3241,B
11185,B
2647,B
19999,P
2422,B
7611,B
2128,B
11504,P
5448,B
20437,B
5360,B
76388,P
2508,B
10000,B
2175,B
30470,P
95188,I,
4123,B
20672,B
7636,B
77453,P
3107,B
10801,B
2545,B
18554,P
2374,B
7345,B
2134,B
11197,P
6366,B
19838,B
4872,B
77163,P
2459,B
9974,B
2137,B
30078,P
2625,B
11647,B
9145,B
77138,P
2507,B
10049,B
2218,B
29839,P
95210,I,
4138,B
21495,B
3331,B
77118,P
3246,B
10936,B
2729,B
19527,P
2408,B
7417,B
2155,B
11511,P
4980,B
20659,B
5272,B
76999,P
2497,B
10024,B
2229,B
30073,P
2781,B
11513,B
2831,B
76422,P
3231,B
11025,B
2686,B
19767,P
94677,I,
2810,B
8408,B
2105,B
15131,P
5981,B
19087,B
4673,B
77177,P
3012,B
10790,B
2470,B
18491,P
3357,B
12266,B
9330,B
77431,P
2653,B
10224,B
2340,B
30793,P
1857,B
6229,B
1547,B
10220,P
6097,B
19331,B
4853,B
76659,P
111766,I,
1197,B
4749,B
889,B
12466,P
3403,B
20020,B
3909,B
76188,P
3008,B
10269,B
2408,B
17727,P
3396,B
12200,B
3882,B
75898,P
3184,B
11040,B
2643,B
19789,P
2405,B
7526,B
2142,B
11657,P
5620,B
20597,B
5150,B
76775,P
112334,I,
1206,B
4772,B
915,B
12337,P
1082,B
7799,B
6999,B
77010,P
2992,B
10618,B
2394,B
18332,P
2187,B
7408,B
1948,B
11627,P
5799,B
19634,B
4771,B
76853,P
2278,B
9906,B
2087,B
29911,P
2550,B
11703,B
8788,B
76222,P
111717,I,
1690,B
8417,B
9277,B
52351,P
6047,B
27740,P
15934,P
